order_id,customer_id,product_id,quantity,order_date,price,payment_method,order_status
1,104,18,3,2025-02-06 17:38:36,233.11,PayPal,completed
1,104,43,3,2025-02-06 17:38:36,68.79,PayPal,completed
2,56,40,3,2025-05-06 03:38:36,81.26,PayPal,completed
2,56,53,2,2025-05-06 03:38:36,220.06,PayPal,completed
2,56,6,1,2025-05-06 03:38:36,201.48,PayPal,completed
3,93,47,1,2026-02-03 12:38:36,53.43,PayPal,completed
3,93,40,2,2026-02-03 12:38:36,81.26,PayPal,completed
4,51,49,1,2024-10-27 20:38:36,110.38,Google Pay,completed
5,45,18,3,2025-07-02 02:38:36,233.11,Google Pay,completed
6,98,15,1,2026-03-26 02:38:36,163.7,Card,completed
6,98,17,1,2026-03-26 02:38:36,27.58,Card,completed
7,52,49,2,2025-06-25 00:38:36,110.38,Card,shipped
7,52,53,3,2025-06-25 00:38:36,220.06,Card,shipped
8,91,49,1,2024-10-09 19:38:36,110.38,Card,completed
9,42,40,2,2026-05-16 01:38:36,81.26,Google Pay,completed
9,42,53,3,2026-05-16 01:38:36,220.06,Google Pay,completed
9,42,33,1,2026-05-16 01:38:36,254.15,Google Pay,completed
10,111,17,2,2026-06-18 19:38:36,27.58,Gift Card,completed
10,111,58,1,2026-06-18 19:38:36,221.13,Gift Card,completed
11,15,38,3,2026-03-09 18:38:36,34.28,Google Pay,completed
11,15,49,2,2026-03-09 18:38:36,110.38,Google Pay,completed
11,15,21,1,2026-03-09 18:38:36,22.16,Google Pay,completed
12,27,11,3,2025-01-01 04:38:36,177.56,Card,completed
12,27,43,2,2025-01-01 04:38:36,68.79,Card,completed
12,27,24,1,2025-01-01 04:38:36,218.28,Card,completed
13,67,35,1,2026-04-12 08:38:36,226.47,PayPal,completed
13,67,39,3,2026-04-12 08:38:36,71.5,PayPal,completed
13,67,18,2,2026-04-12 08:38:36,233.11,PayPal,completed
14,29,34,2,2024-11-10 21:38:36,259.03,Card,completed
14,29,24,2,2024-11-10 21:38:36,218.28,Card,completed
15,73,33,1,2025-09-12 08:38:36,254.15,Google Pay,processing
16,95,53,3,2026-06-04 08:38:36,220.06,Apple Pay,completed
16,95,15,3,2026-06-04 08:38:36,163.7,Apple Pay,completed
16,95,16,3,2026-06-04 08:38:36,19.5,Apple Pay,completed
17,23,42,2,2025-06-19 12:38:36,295.2,PayPal,shipped
18,44,50,1,2026-08-09 07:38:36,33.44,Gift Card,processing
19,72,56,2,2026-02-14 14:38:36,116.03,Card,completed
19,72,35,3,2026-02-14 14:38:36,226.47,Card,completed
19,72,45,2,2026-02-14 14:38:36,287.87,Card,completed
20,81,2,1,2024-11-10 06:38:36,26.74,Card,completed
21,50,53,2,2025-12-24 07:38:36,220.06,Card,completed
21,50,27,3,2025-12-24 07:38:36,267.51,Card,completed
21,50,11,1,2025-12-24 07:38:36,177.56,Card,completed
22,26,7,1,2026-06-07 07:38:36,209.55,Card,processing
23,103,28,2,2025-01-27 00:38:36,185.71,Card,shipped
24,59,21,1,2025-09-30 22:38:36,22.16,Google Pay,completed
24,59,1,1,2025-09-30 22:38:36,139.16,Google Pay,completed
24,59,60,1,2025-09-30 22:38:36,200.82,Google Pay,completed
25,97,25,2,2024-10-13 20:38:36,304.62,Apple Pay,completed
26,72,56,2,2025-01-11 01:38:36,116.03,PayPal,completed
26,72,8,1,2025-01-11 01:38:36,35.97,PayPal,completed
26,72,34,2,2025-01-11 01:38:36,259.03,PayPal,completed
27,92,34,3,2026-01-25 18:38:36,259.03,Gift Card,completed
27,92,21,3,2026-01-25 18:38:36,22.16,Gift Card,completed
27,92,52,3,2026-01-25 18:38:36,162.37,Gift Card,completed
28,12,16,3,2026-02-11 23:38:36,19.5,Apple Pay,processing
28,12,51,3,2026-02-11 23:38:36,42.05,Apple Pay,processing
29,26,53,1,2025-03-26 23:38:36,220.06,Card,completed
30,78,55,3,2025-03-02 00:38:36,88.66,Google Pay,completed
31,76,1,2,2024-11-12 06:38:36,139.16,Google Pay,completed
31,76,49,3,2024-11-12 06:38:36,110.38,Google Pay,completed
31,76,56,1,2024-11-12 06:38:36,116.03,Google Pay,completed
32,41,54,2,2026-04-04 15:38:36,52.68,Gift Card,completed
32,41,52,2,2026-04-04 15:38:36,162.37,Gift Card,completed
33,66,56,3,2025-12-07 14:38:36,116.03,Gift Card,completed
34,111,38,3,2026-08-24 19:38:36,34.28,Gift Card,completed
34,111,56,2,2026-08-24 19:38:36,116.03,Gift Card,completed
34,111,27,2,2026-08-24 19:38:36,267.51,Gift Card,completed
35,109,59,2,2025-07-30 13:38:36,226.14,Card,completed
35,109,23,2,2025-07-30 13:38:36,157.16,Card,completed
36,86,9,3,2025-01-23 04:38:36,250.47,Google Pay,shipped
37,9,15,3,2026-01-30 21:38:36,163.7,Card,processing
38,54,31,1,2025-02-19 08:38:36,230.13,Google Pay,completed
38,54,36,3,2025-02-19 08:38:36,230.78,Google Pay,completed
39,32,59,1,2026-05-08 04:38:36,226.14,Gift Card,shipped
39,32,45,1,2026-05-08 04:38:36,287.87,Gift Card,shipped
39,32,58,3,2026-05-08 04:38:36,221.13,Gift Card,shipped
40,13,49,2,2024-12-31 00:38:36,110.38,PayPal,completed
40,13,15,2,2024-12-31 00:38:36,163.7,PayPal,completed
40,13,13,1,2024-12-31 00:38:36,149.63,PayPal,completed
41,46,12,1,2026-08-21 17:38:36,262.96,Google Pay,completed
41,46,49,3,2026-08-21 17:38:36,110.38,Google Pay,completed
41,46,58,2,2026-08-21 17:38:36,221.13,Google Pay,completed
42,83,1,3,2026-03-11 21:38:36,139.16,Gift Card,completed
42,83,39,3,2026-03-11 21:38:36,71.5,Gift Card,completed
43,52,12,2,2024-11-13 08:38:36,262.96,PayPal,completed
44,120,7,2,2025-10-31 17:38:36,209.55,PayPal,completed
44,120,38,2,2025-10-31 17:38:36,34.28,PayPal,completed
44,120,23,2,2025-10-31 17:38:36,157.16,PayPal,completed
45,43,46,1,2026-03-19 09:38:36,37.6,Gift Card,processing
45,43,4,1,2026-03-19 09:38:36,293.9,Gift Card,processing
46,22,8,3,2025-08-23 01:38:36,35.97,Google Pay,completed
46,22,9,2,2025-08-23 01:38:36,250.47,Google Pay,completed
46,22,47,2,2025-08-23 01:38:36,53.43,Google Pay,completed
47,56,26,1,2025-03-11 23:38:36,72.85,Card,processing
48,74,21,3,2026-03-25 07:38:36,22.16,Gift Card,completed
48,74,30,2,2026-03-25 07:38:36,11.27,Gift Card,completed
48,74,60,2,2026-03-25 07:38:36,200.82,Gift Card,completed
49,93,30,3,2025-11-04 01:38:36,11.27,Gift Card,completed
50,75,28,3,2026-03-03 04:38:36,185.71,Gift Card,completed
51,35,33,3,2025-02-26 21:38:36,254.15,Gift Card,processing
51,35,6,1,2025-02-26 21:38:36,201.48,Gift Card,processing
52,102,45,3,2025-03-17 03:38:36,287.87,Card,shipped
52,102,16,2,2025-03-17 03:38:36,19.5,Card,shipped
52,102,33,3,2025-03-17 03:38:36,254.15,Card,shipped
53,21,41,3,2026-06-30 13:38:36,258.64,Card,completed
53,21,24,1,2026-06-30 13:38:36,218.28,Card,completed
53,21,20,3,2026-06-30 13:38:36,207.03,Card,completed
54,100,36,2,2025-05-16 19:38:36,230.78,Apple Pay,shipped
55,68,24,1,2026-01-29 09:38:36,218.28,Google Pay,completed
56,16,4,3,2026-05-25 10:38:36,293.9,Gift Card,completed
56,16,58,1,2026-05-25 10:38:36,221.13,Gift Card,completed
57,3,9,3,2026-03-24 22:38:36,250.47,Google Pay,completed
58,21,5,3,2026-02-26 03:38:36,135.82,Card,shipped
58,21,52,3,2026-02-26 03:38:36,162.37,Card,shipped
59,91,40,1,2024-11-28 06:38:36,81.26,Gift Card,completed
60,40,15,2,2026-10-04 03:38:36,163.7,Google Pay,completed
61,27,41,3,2026-01-10 01:38:36,258.64,Gift Card,shipped
61,27,55,3,2026-01-10 01:38:36,88.66,Gift Card,shipped
62,64,32,1,2025-01-21 19:38:36,86.15,Gift Card,completed
62,64,48,2,2025-01-21 19:38:36,299.73,Gift Card,completed
63,85,60,3,2026-05-06 05:38:36,200.82,Google Pay,processing
63,85,15,2,2026-05-06 05:38:36,163.7,Google Pay,processing
64,71,32,3,2024-12-20 17:38:36,86.15,Google Pay,shipped
64,71,12,3,2024-12-20 17:38:36,262.96,Google Pay,shipped
64,71,18,1,2024-12-20 17:38:36,233.11,Google Pay,shipped
65,67,30,2,2025-07-26 08:38:36,11.27,Apple Pay,completed
65,67,47,1,2025-07-26 08:38:36,53.43,Apple Pay,completed
66,45,16,2,2025-05-18 05:38:36,19.5,PayPal,shipped
67,22,2,1,2026-04-04 07:38:36,26.74,Gift Card,processing
68,38,23,3,2024-11-05 03:38:36,157.16,Google Pay,completed
68,38,36,1,2024-11-05 03:38:36,230.78,Google Pay,completed
68,38,57,2,2024-11-05 03:38:36,95.02,Google Pay,completed
69,82,46,2,2026-04-05 15:38:36,37.6,Google Pay,completed
69,82,38,1,2026-04-05 15:38:36,34.28,Google Pay,completed
70,103,26,1,2024-12-31 10:38:36,72.85,PayPal,shipped
70,103,60,2,2024-12-31 10:38:36,200.82,PayPal,shipped
70,103,23,2,2024-12-31 10:38:36,157.16,PayPal,shipped
71,55,38,3,2024-10-30 11:38:36,34.28,Card,shipped
71,55,15,2,2024-10-30 11:38:36,163.7,Card,shipped
71,55,44,3,2024-10-30 11:38:36,197.5,Card,shipped
72,120,52,2,2025-06-27 10:38:36,162.37,Apple Pay,completed
72,120,6,3,2025-06-27 10:38:36,201.48,Apple Pay,completed
73,120,4,3,2025-04-28 08:38:36,293.9,Google Pay,completed
74,110,51,3,2026-06-30 01:38:36,42.05,Card,completed
74,110,29,1,2026-06-30 01:38:36,163.35,Card,completed
75,101,36,3,2025-05-31 17:38:36,230.78,Google Pay,completed
76,4,54,3,2026-02-26 23:38:36,52.68,Gift Card,shipped
76,4,57,2,2026-02-26 23:38:36,95.02,Gift Card,shipped
77,116,35,1,2025-08-20 21:38:36,226.47,Google Pay,completed
78,35,56,3,2026-01-04 09:38:36,116.03,Google Pay,shipped
79,114,43,3,2025-06-28 02:38:36,68.79,PayPal,processing
79,114,12,3,2025-06-28 02:38:36,262.96,PayPal,processing
80,119,14,1,2026-09-27 03:38:36,142.32,PayPal,shipped
80,119,56,2,2026-09-27 03:38:36,116.03,PayPal,shipped
81,19,28,2,2025-08-06 20:38:36,185.71,Apple Pay,completed
81,19,32,2,2025-08-06 20:38:36,86.15,Apple Pay,completed
82,87,42,2,2025-03-17 19:38:36,295.2,Google Pay,completed
82,87,2,3,2025-03-17 19:38:36,26.74,Google Pay,completed
82,87,32,3,2025-03-17 19:38:36,86.15,Google Pay,completed
83,28,25,3,2026-01-05 00:38:36,304.62,Gift Card,processing
83,28,29,2,2026-01-05 00:38:36,163.35,Gift Card,processing
84,100,19,1,2026-03-21 09:38:36,166.56,Google Pay,completed
84,100,46,3,2026-03-21 09:38:36,37.6,Google Pay,completed
85,108,38,2,2025-08-27 16:38:36,34.28,PayPal,completed
85,108,45,2,2025-08-27 16:38:36,287.87,PayPal,completed
86,70,17,1,2025-10-19 03:38:36,27.58,PayPal,completed
87,83,16,1,2026-06-11 06:38:36,19.5,PayPal,completed
88,5,50,1,2024-10-28 02:38:36,33.44,PayPal,completed
88,5,3,1,2024-10-28 02:38:36,251.66,PayPal,completed
88,5,37,3,2024-10-28 02:38:36,164.66,PayPal,completed
89,55,26,3,2025-08-22 17:38:36,72.85,Card,shipped
89,55,24,3,2025-08-22 17:38:36,218.28,Card,shipped
89,55,51,2,2025-08-22 17:38:36,42.05,Card,shipped
90,91,57,3,2025-04-25 06:38:36,95.02,Card,completed
91,80,39,3,2025-09-29 08:38:36,71.5,Apple Pay,processing
91,80,59,3,2025-09-29 08:38:36,226.14,Apple Pay,processing
91,80,1,1,2025-09-29 08:38:36,139.16,Apple Pay,processing
92,79,8,1,2026-08-31 07:38:36,35.97,Apple Pay,completed
93,44,21,1,2024-11-21 18:38:36,22.16,Google Pay,completed
93,44,11,1,2024-11-21 18:38:36,177.56,Google Pay,completed
94,6,29,2,2024-11-09 01:38:36,163.35,Card,completed
95,87,7,1,2025-06-12 02:38:36,209.55,Gift Card,completed
95,87,6,3,2025-06-12 02:38:36,201.48,Gift Card,completed
96,89,47,1,2024-11-07 12:38:36,53.43,Apple Pay,completed
97,105,17,2,2026-06-07 20:38:36,27.58,Apple Pay,completed
98,73,47,1,2026-01-29 01:38:36,53.43,Apple Pay,processing
99,82,14,3,2025-03-27 06:38:36,142.32,Apple Pay,completed
100,50,3,3,2026-07-03 15:38:36,251.66,Google Pay,completed
101,79,22,1,2025-03-19 17:38:36,176.68,Apple Pay,completed
101,79,59,2,2025-03-19 17:38:36,226.14,Apple Pay,completed
101,79,32,3,2025-03-19 17:38:36,86.15,Apple Pay,completed
102,100,48,3,2024-10-21 20:38:36,299.73,Gift Card,completed
103,19,52,3,2025-01-09 02:38:36,162.37,Google Pay,completed
103,19,22,1,2025-01-09 02:38:36,176.68,Google Pay,completed
104,81,53,2,2024-11-29 08:38:36,220.06,Apple Pay,completed
105,92,13,2,2025-09-03 12:38:36,149.63,Card,completed
106,5,2,2,2026-05-22 17:38:36,26.74,Card,completed
107,18,18,1,2024-12-27 15:38:36,233.11,Card,completed
107,18,23,1,2024-12-27 15:38:36,157.16,Card,completed
107,18,27,3,2024-12-27 15:38:36,267.51,Card,completed
108,32,49,1,2025-09-01 08:38:36,110.38,Gift Card,completed
109,71,55,2,2026-01-08 07:38:36,88.66,PayPal,completed
109,71,36,1,2026-01-08 07:38:36,230.78,PayPal,completed
110,22,28,1,2026-01-19 10:38:36,185.71,Gift Card,completed
110,22,55,1,2026-01-19 10:38:36,88.66,Gift Card,completed
111,14,42,1,2025-02-17 00:38:36,295.2,Google Pay,processing
111,14,37,3,2025-02-17 00:38:36,164.66,Google Pay,processing
112,104,9,1,2026-03-04 03:38:36,250.47,Apple Pay,processing
113,1,20,1,2025-11-08 12:38:36,207.03,Apple Pay,completed
113,1,60,1,2025-11-08 12:38:36,200.82,Apple Pay,completed
114,94,19,1,2024-11-18 19:38:36,166.56,Gift Card,completed
114,94,30,2,2024-11-18 19:38:36,11.27,Gift Card,completed
115,120,28,3,2026-02-21 11:38:36,185.71,Google Pay,shipped
116,114,27,1,2024-10-15 19:38:36,267.51,Card,completed
117,69,2,1,2025-10-04 10:38:36,26.74,Google Pay,completed
117,69,56,3,2025-10-04 10:38:36,116.03,Google Pay,completed
117,69,17,1,2025-10-04 10:38:36,27.58,Google Pay,completed
118,25,2,1,2025-04-06 14:38:36,26.74,Apple Pay,shipped
118,25,12,2,2025-04-06 14:38:36,262.96,Apple Pay,shipped
119,24,46,3,2026-02-23 16:38:36,37.6,Gift Card,completed
119,24,31,3,2026-02-23 16:38:36,230.13,Gift Card,completed
120,14,4,3,2025-02-27 15:38:36,293.9,Apple Pay,completed
120,14,48,3,2025-02-27 15:38:36,299.73,Apple Pay,completed
120,14,33,3,2025-02-27 15:38:36,254.15,Apple Pay,completed
121,54,3,3,2024-11-03 05:38:36,251.66,Apple Pay,processing
121,54,14,1,2024-11-03 05:38:36,142.32,Apple Pay,processing
121,54,8,3,2024-11-03 05:38:36,35.97,Apple Pay,processing
122,12,5,2,2026-07-25 09:38:36,135.82,Gift Card,processing
122,12,43,2,2026-07-25 09:38:36,68.79,Gift Card,processing
123,99,60,3,2025-07-02 21:38:36,200.82,PayPal,shipped
124,31,5,1,2025-07-18 12:38:36,135.82,PayPal,shipped
124,31,57,1,2025-07-18 12:38:36,95.02,PayPal,shipped
124,31,30,1,2025-07-18 12:38:36,11.27,PayPal,shipped
125,6,20,2,2025-10-24 05:38:36,207.03,Card,processing
125,6,28,3,2025-10-24 05:38:36,185.71,Card,processing
126,19,41,2,2024-11-17 04:38:36,258.64,Card,completed
126,19,32,2,2024-11-17 04:38:36,86.15,Card,completed
127,73,14,2,2025-01-31 07:38:36,142.32,Apple Pay,completed
127,73,42,1,2025-01-31 07:38:36,295.2,Apple Pay,completed
128,97,60,2,2025-11-21 05:38:36,200.82,Apple Pay,completed
128,97,56,1,2025-11-21 05:38:36,116.03,Apple Pay,completed
128,97,19,2,2025-11-21 05:38:36,166.56,Apple Pay,completed
129,83,36,1,2025-11-14 22:38:36,230.78,PayPal,completed
129,83,46,3,2025-11-14 22:38:36,37.6,PayPal,completed
130,85,54,1,2026-06-02 05:38:36,52.68,Apple Pay,completed
131,115,31,1,2025-05-23 05:38:36,230.13,Apple Pay,shipped
131,115,6,3,2025-05-23 05:38:36,201.48,Apple Pay,shipped
131,115,21,2,2025-05-23 05:38:36,22.16,Apple Pay,shipped
132,44,58,1,2026-03-24 02:38:36,221.13,Google Pay,completed
133,82,20,3,2025-11-07 06:38:36,207.03,Apple Pay,completed
133,82,54,2,2025-11-07 06:38:36,52.68,Apple Pay,completed
133,82,12,2,2025-11-07 06:38:36,262.96,Apple Pay,completed
134,69,12,1,2025-08-03 03:38:36,262.96,Google Pay,completed
134,69,4,3,2025-08-03 03:38:36,293.9,Google Pay,completed
135,60,36,3,2026-02-18 04:38:36,230.78,Apple Pay,completed
135,60,44,3,2026-02-18 04:38:36,197.5,Apple Pay,completed
135,60,14,1,2026-02-18 04:38:36,142.32,Apple Pay,completed
136,117,57,1,2026-08-25 12:38:36,95.02,Card,completed
136,117,21,3,2026-08-25 12:38:36,22.16,Card,completed
136,117,23,1,2026-08-25 12:38:36,157.16,Card,completed
137,89,49,2,2026-03-23 00:38:36,110.38,PayPal,completed
137,89,1,2,2026-03-23 00:38:36,139.16,PayPal,completed
137,89,3,3,2026-03-23 00:38:36,251.66,PayPal,completed
138,110,52,1,2026-05-07 03:38:36,162.37,Apple Pay,completed
138,110,45,1,2026-05-07 03:38:36,287.87,Apple Pay,completed
138,110,54,1,2026-05-07 03:38:36,52.68,Apple Pay,completed
139,115,31,2,2025-01-28 12:38:36,230.13,Card,completed
139,115,41,1,2025-01-28 12:38:36,258.64,Card,completed
139,115,10,3,2025-01-28 12:38:36,305.7,Card,completed
140,10,59,3,2025-05-19 14:38:36,226.14,Google Pay,completed
141,18,9,2,2026-03-24 07:38:36,250.47,Gift Card,completed
142,71,7,2,2025-09-08 14:38:36,209.55,Card,completed
143,78,20,1,2026-02-04 00:38:36,207.03,Google Pay,completed
144,71,11,2,2025-10-13 04:38:36,177.56,Google Pay,completed
145,2,19,1,2025-05-23 16:38:36,166.56,Card,completed
146,3,59,2,2025-03-19 06:38:36,226.14,Card,completed
146,3,25,1,2025-03-19 06:38:36,304.62,Card,completed
147,10,52,2,2026-04-29 11:38:36,162.37,Apple Pay,shipped
147,10,38,1,2026-04-29 11:38:36,34.28,Apple Pay,shipped
147,10,18,3,2026-04-29 11:38:36,233.11,Apple Pay,shipped
148,105,56,1,2025-11-27 12:38:36,116.03,PayPal,shipped
149,72,5,3,2026-04-27 01:38:36,135.82,PayPal,completed
149,72,40,3,2026-04-27 01:38:36,81.26,PayPal,completed
149,72,37,1,2026-04-27 01:38:36,164.66,PayPal,completed
150,51,44,3,2025-05-14 04:38:36,197.5,Google Pay,processing
150,51,20,3,2025-05-14 04:38:36,207.03,Google Pay,processing
151,36,50,2,2025-06-29 01:38:36,33.44,Gift Card,completed
152,72,14,2,2025-10-01 16:38:36,142.32,Apple Pay,shipped
152,72,42,2,2025-10-01 16:38:36,295.2,Apple Pay,shipped
153,111,32,2,2025-05-03 08:38:36,86.15,PayPal,completed
153,111,52,1,2025-05-03 08:38:36,162.37,PayPal,completed
153,111,40,1,2025-05-03 08:38:36,81.26,PayPal,completed
154,17,51,3,2026-06-07 22:38:36,42.05,Google Pay,completed
154,17,31,1,2026-06-07 22:38:36,230.13,Google Pay,completed
154,17,52,3,2026-06-07 22:38:36,162.37,Google Pay,completed
155,3,18,2,2026-03-13 15:38:36,233.11,Card,completed
155,3,36,2,2026-03-13 15:38:36,230.78,Card,completed
155,3,54,3,2026-03-13 15:38:36,52.68,Card,completed
156,53,37,3,2024-11-24 00:38:36,164.66,Card,completed
156,53,59,3,2024-11-24 00:38:36,226.14,Card,completed
156,53,5,2,2024-11-24 00:38:36,135.82,Card,completed
157,111,13,2,2026-07-04 07:38:36,149.63,PayPal,shipped
157,111,11,2,2026-07-04 07:38:36,177.56,PayPal,shipped
158,62,51,2,2024-11-08 14:38:36,42.05,Google Pay,completed
159,38,43,2,2025-09-28 05:38:36,68.79,Card,completed
160,103,27,2,2025-12-06 12:38:36,267.51,Card,processing
160,103,41,2,2025-12-06 12:38:36,258.64,Card,processing
160,103,51,1,2025-12-06 12:38:36,42.05,Card,processing
161,110,29,1,2025-06-08 16:38:36,163.35,Card,completed
161,110,21,2,2025-06-08 16:38:36,22.16,Card,completed
162,44,36,1,2025-11-27 02:38:36,230.78,Apple Pay,completed
163,75,25,2,2025-09-26 04:38:36,304.62,Apple Pay,completed
163,75,60,1,2025-09-26 04:38:36,200.82,Apple Pay,completed
164,16,8,3,2024-12-24 08:38:36,35.97,Gift Card,shipped
165,119,13,1,2026-04-16 19:38:36,149.63,PayPal,processing
165,119,1,1,2026-04-16 19:38:36,139.16,PayPal,processing
166,16,19,1,2026-02-04 21:38:36,166.56,PayPal,completed
166,16,39,1,2026-02-04 21:38:36,71.5,PayPal,completed
167,91,21,1,2026-03-13 04:38:36,22.16,PayPal,completed
167,91,27,2,2026-03-13 04:38:36,267.51,PayPal,completed
167,91,39,3,2026-03-13 04:38:36,71.5,PayPal,completed
168,45,8,3,2026-03-13 09:38:36,35.97,Google Pay,completed
168,45,4,1,2026-03-13 09:38:36,293.9,Google Pay,completed
168,45,6,1,2026-03-13 09:38:36,201.48,Google Pay,completed
169,5,31,2,2025-03-21 06:38:36,230.13,Gift Card,completed
170,13,44,2,2026-01-08 23:38:36,197.5,Card,completed
171,98,60,2,2026-02-15 00:38:36,200.82,Google Pay,completed
171,98,3,3,2026-02-15 00:38:36,251.66,Google Pay,completed
172,52,22,2,2026-05-31 12:38:36,176.68,Gift Card,completed
172,52,33,3,2026-05-31 12:38:36,254.15,Gift Card,completed
172,52,14,2,2026-05-31 12:38:36,142.32,Gift Card,completed
173,12,21,3,2025-09-11 12:38:36,22.16,Google Pay,completed
174,104,49,2,2025-09-13 07:38:36,110.38,Card,completed
175,17,42,1,2024-11-06 12:38:36,295.2,Gift Card,completed
175,17,3,2,2024-11-06 12:38:36,251.66,Gift Card,completed
176,52,48,1,2026-06-01 18:38:36,299.73,Apple Pay,completed
176,52,53,3,2026-06-01 18:38:36,220.06,Apple Pay,completed
177,96,38,1,2026-07-05 01:38:36,34.28,Card,completed
178,115,10,1,2025-06-18 00:38:36,305.7,PayPal,completed
179,62,58,3,2026-05-01 18:38:36,221.13,Apple Pay,shipped
179,62,39,2,2026-05-01 18:38:36,71.5,Apple Pay,shipped
180,29,9,2,2025-09-16 10:38:36,250.47,Google Pay,shipped
180,29,39,2,2025-09-16 10:38:36,71.5,Google Pay,shipped
181,92,37,1,2025-05-13 13:38:36,164.66,PayPal,processing
181,92,3,1,2025-05-13 13:38:36,251.66,PayPal,processing
181,92,39,1,2025-05-13 13:38:36,71.5,PayPal,processing
182,102,50,2,2025-09-19 12:38:36,33.44,Apple Pay,completed
183,97,15,2,2026-09-28 18:38:36,163.7,PayPal,completed
183,97,56,2,2026-09-28 18:38:36,116.03,PayPal,completed
183,97,37,2,2026-09-28 18:38:36,164.66,PayPal,completed
184,120,7,2,2026-02-02 03:38:36,209.55,Gift Card,completed
184,120,19,1,2026-02-02 03:38:36,166.56,Gift Card,completed
185,111,57,3,2025-08-01 12:38:36,95.02,Apple Pay,completed
185,111,40,2,2025-08-01 12:38:36,81.26,Apple Pay,completed
185,111,21,1,2025-08-01 12:38:36,22.16,Apple Pay,completed
186,67,8,3,2025-08-15 22:38:36,35.97,Gift Card,completed
186,67,29,2,2025-08-15 22:38:36,163.35,Gift Card,completed
187,41,43,1,2024-12-18 20:38:36,68.79,Card,completed
187,41,34,2,2024-12-18 20:38:36,259.03,Card,completed
187,41,60,1,2024-12-18 20:38:36,200.82,Card,completed
188,103,37,3,2025-08-16 18:38:36,164.66,PayPal,completed
188,103,20,1,2025-08-16 18:38:36,207.03,PayPal,completed
188,103,58,2,2025-08-16 18:38:36,221.13,PayPal,completed
189,93,10,2,2025-03-28 00:38:36,305.7,Card,completed
189,93,49,3,2025-03-28 00:38:36,110.38,Card,completed
190,89,24,2,2025-12-06 05:38:36,218.28,PayPal,processing
190,89,5,1,2025-12-06 05:38:36,135.82,PayPal,processing
191,34,9,3,2025-05-28 04:38:36,250.47,Google Pay,completed
191,34,45,2,2025-05-28 04:38:36,287.87,Google Pay,completed
192,81,3,3,2025-02-18 20:38:36,251.66,Card,completed
192,81,56,2,2025-02-18 20:38:36,116.03,Card,completed
192,81,23,1,2025-02-18 20:38:36,157.16,Card,completed
193,55,16,1,2025-05-23 11:38:36,19.5,Card,completed
193,55,53,3,2025-05-23 11:38:36,220.06,Card,completed
194,40,39,3,2024-11-09 07:38:36,71.5,Card,completed
194,40,20,1,2024-11-09 07:38:36,207.03,Card,completed
194,40,49,2,2024-11-09 07:38:36,110.38,Card,completed
195,38,5,1,2026-09-06 23:38:36,135.82,PayPal,completed
195,38,13,2,2026-09-06 23:38:36,149.63,PayPal,completed
195,38,58,2,2026-09-06 23:38:36,221.13,PayPal,completed
196,60,26,2,2025-01-07 18:38:36,72.85,Google Pay,completed
197,62,6,3,2026-08-15 03:38:36,201.48,Card,completed
198,53,40,1,2025-06-13 19:38:36,81.26,Apple Pay,completed
198,53,51,3,2025-06-13 19:38:36,42.05,Apple Pay,completed
198,53,9,2,2025-06-13 19:38:36,250.47,Apple Pay,completed
199,69,1,1,2025-08-29 09:38:36,139.16,Card,processing
200,84,7,1,2024-12-04 02:38:36,209.55,Google Pay,completed
200,84,30,2,2024-12-04 02:38:36,11.27,Google Pay,completed
200,84,47,2,2024-12-04 02:38:36,53.43,Google Pay,completed
201,28,51,2,2025-08-28 18:38:36,42.05,Card,completed
201,28,53,2,2025-08-28 18:38:36,220.06,Card,completed
201,28,30,3,2025-08-28 18:38:36,11.27,Card,completed
202,62,28,2,2025-10-30 15:38:36,185.71,Apple Pay,shipped
202,62,47,2,2025-10-30 15:38:36,53.43,Apple Pay,shipped
203,14,25,1,2026-01-17 16:38:36,304.62,PayPal,completed
204,6,21,1,2026-01-01 16:38:36,22.16,PayPal,completed
205,69,44,1,2026-02-17 16:38:36,197.5,Card,completed
205,69,7,3,2026-02-17 16:38:36,209.55,Card,completed
206,27,40,1,2026-07-20 09:38:36,81.26,Gift Card,completed
207,50,42,3,2025-05-30 12:38:36,295.2,Gift Card,completed
207,50,31,3,2025-05-30 12:38:36,230.13,Gift Card,completed
208,78,54,1,2024-12-31 11:38:36,52.68,Card,completed
209,7,42,1,2024-10-11 04:38:36,295.2,Card,completed
210,95,22,3,2025-01-28 22:38:36,176.68,Card,completed
210,95,23,2,2025-01-28 22:38:36,157.16,Card,completed
210,95,28,1,2025-01-28 22:38:36,185.71,Card,completed
211,116,47,3,2024-12-05 14:38:36,53.43,Card,completed
212,49,6,3,2025-02-16 09:38:36,201.48,Gift Card,completed
212,49,56,1,2025-02-16 09:38:36,116.03,Gift Card,completed
212,49,36,2,2025-02-16 09:38:36,230.78,Gift Card,completed
213,42,60,2,2026-07-21 02:38:36,200.82,Google Pay,processing
213,42,43,3,2026-07-21 02:38:36,68.79,Google Pay,processing
213,42,54,2,2026-07-21 02:38:36,52.68,Google Pay,processing
214,61,39,3,2025-05-15 13:38:36,71.5,Google Pay,completed
215,43,24,2,2026-01-05 17:38:36,218.28,Card,shipped
215,43,54,1,2026-01-05 17:38:36,52.68,Card,shipped
216,58,54,3,2026-09-13 00:38:36,52.68,Card,completed
216,58,51,2,2026-09-13 00:38:36,42.05,Card,completed
217,28,2,2,2025-11-25 13:38:36,26.74,Gift Card,completed
217,28,32,1,2025-11-25 13:38:36,86.15,Gift Card,completed
218,33,5,3,2025-02-20 10:38:36,135.82,Apple Pay,completed
219,53,55,2,2025-05-07 10:38:36,88.66,Apple Pay,completed
219,53,52,1,2025-05-07 10:38:36,162.37,Apple Pay,completed
219,53,53,2,2025-05-07 10:38:36,220.06,Apple Pay,completed
220,76,19,3,2026-06-23 03:38:36,166.56,Apple Pay,completed
220,76,37,2,2026-06-23 03:38:36,164.66,Apple Pay,completed
221,35,22,1,2026-09-11 21:38:36,176.68,PayPal,shipped
221,35,12,2,2026-09-11 21:38:36,262.96,PayPal,shipped
222,36,12,1,2025-12-06 20:38:36,262.96,Card,completed
223,83,59,3,2025-04-12 13:38:36,226.14,Google Pay,completed
224,58,2,1,2025-11-01 17:38:36,26.74,Card,completed
224,58,38,2,2025-11-01 17:38:36,34.28,Card,completed
224,58,42,1,2025-11-01 17:38:36,295.2,Card,completed
225,3,17,3,2025-12-10 01:38:36,27.58,Google Pay,completed
225,3,25,2,2025-12-10 01:38:36,304.62,Google Pay,completed
225,3,45,1,2025-12-10 01:38:36,287.87,Google Pay,completed
226,120,45,3,2025-09-08 16:38:36,287.87,PayPal,completed
226,120,46,3,2025-09-08 16:38:36,37.6,PayPal,completed
226,120,11,2,2025-09-08 16:38:36,177.56,PayPal,completed
227,5,55,2,2026-01-07 04:38:36,88.66,Card,completed
227,5,46,2,2026-01-07 04:38:36,37.6,Card,completed
227,5,58,3,2026-01-07 04:38:36,221.13,Card,completed
228,119,59,2,2026-04-11 03:38:36,226.14,Card,completed
228,119,2,2,2026-04-11 03:38:36,26.74,Card,completed
228,119,16,2,2026-04-11 03:38:36,19.5,Card,completed
229,80,14,2,2025-07-13 09:38:36,142.32,Gift Card,shipped
229,80,3,2,2025-07-13 09:38:36,251.66,Gift Card,shipped
230,55,19,2,2025-09-25 10:38:36,166.56,Gift Card,completed
231,1,42,3,2026-01-01 19:38:36,295.2,Card,shipped
232,48,53,3,2025-11-16 17:38:36,220.06,PayPal,completed
232,48,24,2,2025-11-16 17:38:36,218.28,PayPal,completed
233,40,42,3,2024-10-28 23:38:36,295.2,Google Pay,completed
233,40,53,2,2024-10-28 23:38:36,220.06,Google Pay,completed
234,92,13,2,2025-01-27 23:38:36,149.63,PayPal,shipped
235,74,31,1,2026-04-10 16:38:36,230.13,PayPal,completed
236,107,25,2,2026-09-07 10:38:36,304.62,Google Pay,processing
237,113,20,2,2025-10-22 06:38:36,207.03,Google Pay,shipped
237,113,33,1,2025-10-22 06:38:36,254.15,Google Pay,shipped
238,108,34,3,2025-07-01 23:38:36,259.03,Apple Pay,completed
238,108,46,1,2025-07-01 23:38:36,37.6,Apple Pay,completed
238,108,47,1,2025-07-01 23:38:36,53.43,Apple Pay,completed
239,89,33,1,2025-12-01 10:38:36,254.15,Apple Pay,processing
239,89,6,3,2025-12-01 10:38:36,201.48,Apple Pay,processing
240,14,46,2,2026-05-09 07:38:36,37.6,Gift Card,completed
240,14,52,3,2026-05-09 07:38:36,162.37,Gift Card,completed
240,14,39,1,2026-05-09 07:38:36,71.5,Gift Card,completed
241,77,58,2,2026-06-12 23:38:36,221.13,Google Pay,completed
241,77,36,3,2026-06-12 23:38:36,230.78,Google Pay,completed
242,52,19,1,2025-11-03 23:38:36,166.56,PayPal,completed
243,28,40,3,2025-05-01 09:38:36,81.26,Apple Pay,shipped
244,57,57,3,2025-02-13 02:38:36,95.02,Apple Pay,completed
244,57,23,2,2025-02-13 02:38:36,157.16,Apple Pay,completed
244,57,43,1,2025-02-13 02:38:36,68.79,Apple Pay,completed
245,119,5,1,2025-05-10 09:38:36,135.82,Gift Card,completed
246,105,39,2,2025-10-29 17:38:36,71.5,Gift Card,processing
246,105,30,2,2025-10-29 17:38:36,11.27,Gift Card,processing
247,28,56,3,2026-01-08 23:38:36,116.03,Card,completed
247,28,13,3,2026-01-08 23:38:36,149.63,Card,completed
248,111,26,1,2026-08-27 02:38:36,72.85,Apple Pay,completed
249,44,9,2,2025-04-06 03:38:36,250.47,Apple Pay,processing
249,44,43,3,2025-04-06 03:38:36,68.79,Apple Pay,processing
250,6,12,3,2024-10-17 14:38:36,262.96,PayPal,shipped
250,6,29,1,2024-10-17 14:38:36,163.35,PayPal,shipped
251,29,41,1,2026-02-27 13:38:36,258.64,Card,processing
251,29,23,3,2026-02-27 13:38:36,157.16,Card,processing
251,29,36,3,2026-02-27 13:38:36,230.78,Card,processing
252,12,29,3,2024-12-20 19:38:36,163.35,PayPal,completed
253,14,35,1,2025-11-07 05:38:36,226.47,Google Pay,completed
253,14,1,2,2025-11-07 05:38:36,139.16,Google Pay,completed
254,22,23,1,2025-03-06 01:38:36,157.16,Google Pay,completed
254,22,60,3,2025-03-06 01:38:36,200.82,Google Pay,completed
255,86,34,3,2025-07-23 10:38:36,259.03,Gift Card,completed
255,86,3,2,2025-07-23 10:38:36,251.66,Gift Card,completed
255,86,27,2,2025-07-23 10:38:36,267.51,Gift Card,completed
256,96,45,2,2025-09-18 23:38:36,287.87,Card,completed
256,96,55,3,2025-09-18 23:38:36,88.66,Card,completed
256,96,47,3,2025-09-18 23:38:36,53.43,Card,completed
257,34,48,1,2024-12-31 14:38:36,299.73,Apple Pay,shipped
257,34,51,3,2024-12-31 14:38:36,42.05,Apple Pay,shipped
257,34,59,1,2024-12-31 14:38:36,226.14,Apple Pay,shipped
258,2,41,3,2026-07-22 13:38:36,258.64,Gift Card,shipped
258,2,45,1,2026-07-22 13:38:36,287.87,Gift Card,shipped
258,2,58,3,2026-07-22 13:38:36,221.13,Gift Card,shipped
259,21,10,1,2025-09-18 02:38:36,305.7,Apple Pay,completed
259,21,32,2,2025-09-18 02:38:36,86.15,Apple Pay,completed
260,68,3,3,2025-01-16 20:38:36,251.66,PayPal,completed
260,68,20,2,2025-01-16 20:38:36,207.03,PayPal,completed
261,107,6,2,2026-07-16 03:38:36,201.48,PayPal,shipped
261,107,4,2,2026-07-16 03:38:36,293.9,PayPal,shipped
261,107,33,2,2026-07-16 03:38:36,254.15,PayPal,shipped
262,5,53,1,2025-09-11 06:38:36,220.06,Apple Pay,completed
262,5,47,2,2025-09-11 06:38:36,53.43,Apple Pay,completed
262,5,16,2,2025-09-11 06:38:36,19.5,Apple Pay,completed
263,60,59,3,2026-04-27 05:38:36,226.14,Google Pay,completed
263,60,38,1,2026-04-27 05:38:36,34.28,Google Pay,completed
263,60,18,1,2026-04-27 05:38:36,233.11,Google Pay,completed
264,48,18,1,2026-01-03 04:38:36,233.11,Apple Pay,shipped
264,48,4,2,2026-01-03 04:38:36,293.9,Apple Pay,shipped
265,52,1,3,2025-01-11 07:38:36,139.16,PayPal,completed
266,68,22,3,2025-12-19 18:38:36,176.68,Apple Pay,shipped
266,68,54,1,2025-12-19 18:38:36,52.68,Apple Pay,shipped
266,68,34,2,2025-12-19 18:38:36,259.03,Apple Pay,shipped
267,118,45,2,2026-09-30 17:38:36,287.87,Apple Pay,completed
268,69,11,2,2025-02-07 04:38:36,177.56,PayPal,shipped
268,69,23,3,2025-02-07 04:38:36,157.16,PayPal,shipped
268,69,52,2,2025-02-07 04:38:36,162.37,PayPal,shipped
269,91,4,1,2025-11-21 06:38:36,293.9,Google Pay,completed
269,91,30,2,2025-11-21 06:38:36,11.27,Google Pay,completed
270,41,51,2,2024-12-09 12:38:36,42.05,Card,completed
271,65,36,2,2026-01-06 01:38:36,230.78,Gift Card,shipped
271,65,4,3,2026-01-06 01:38:36,293.9,Gift Card,shipped
271,65,1,3,2026-01-06 01:38:36,139.16,Gift Card,shipped
272,74,45,3,2026-02-15 14:38:36,287.87,Gift Card,completed
272,74,48,3,2026-02-15 14:38:36,299.73,Gift Card,completed
272,74,8,2,2026-02-15 14:38:36,35.97,Gift Card,completed
273,11,57,2,2025-05-06 18:38:36,95.02,Card,shipped
274,88,43,2,2025-10-24 08:38:36,68.79,PayPal,completed
274,88,28,3,2025-10-24 08:38:36,185.71,PayPal,completed
275,65,38,2,2026-08-27 22:38:36,34.28,Gift Card,completed
275,65,20,3,2026-08-27 22:38:36,207.03,Gift Card,completed
276,23,22,2,2026-07-08 06:38:36,176.68,Apple Pay,completed
276,23,5,3,2026-07-08 06:38:36,135.82,Apple Pay,completed
277,16,2,2,2026-07-25 13:38:36,26.74,PayPal,completed
277,16,31,1,2026-07-25 13:38:36,230.13,PayPal,completed
278,8,10,2,2026-05-19 15:38:36,305.7,PayPal,completed
279,49,28,2,2026-01-21 14:38:36,185.71,Google Pay,completed
280,78,36,1,2026-03-04 22:38:36,230.78,Card,completed
280,78,52,2,2026-03-04 22:38:36,162.37,Card,completed
281,79,37,1,2024-10-11 07:38:36,164.66,Gift Card,completed
282,12,25,1,2025-10-02 02:38:36,304.62,Card,completed
283,23,56,3,2024-11-17 04:38:36,116.03,Google Pay,completed
283,23,54,2,2024-11-17 04:38:36,52.68,Google Pay,completed
283,23,49,2,2024-11-17 04:38:36,110.38,Google Pay,completed
284,45,17,3,2026-02-23 13:38:36,27.58,PayPal,completed
284,45,56,1,2026-02-23 13:38:36,116.03,PayPal,completed
284,45,37,2,2026-02-23 13:38:36,164.66,PayPal,completed
285,63,24,3,2025-10-26 23:38:36,218.28,PayPal,completed
285,63,52,2,2025-10-26 23:38:36,162.37,PayPal,completed
286,98,6,1,2026-01-30 04:38:36,201.48,Google Pay,completed
286,98,25,2,2026-01-30 04:38:36,304.62,Google Pay,completed
286,98,51,1,2026-01-30 04:38:36,42.05,Google Pay,completed
287,92,58,3,2025-02-25 00:38:36,221.13,Gift Card,completed
287,92,36,3,2025-02-25 00:38:36,230.78,Gift Card,completed
287,92,31,1,2025-02-25 00:38:36,230.13,Gift Card,completed
288,75,53,1,2025-06-21 09:38:36,220.06,Gift Card,completed
289,97,46,2,2026-01-28 05:38:36,37.6,PayPal,shipped
290,84,9,3,2025-07-21 08:38:36,250.47,Google Pay,completed
290,84,56,3,2025-07-21 08:38:36,116.03,Google Pay,completed
291,2,18,2,2025-07-22 05:38:36,233.11,PayPal,completed
291,2,14,2,2025-07-22 05:38:36,142.32,PayPal,completed
291,2,52,1,2025-07-22 05:38:36,162.37,PayPal,completed
292,107,45,3,2026-01-30 17:38:36,287.87,Google Pay,completed
292,107,18,1,2026-01-30 17:38:36,233.11,Google Pay,completed
293,96,46,1,2025-10-01 04:38:36,37.6,Gift Card,completed
294,24,50,3,2025-08-06 02:38:36,33.44,Google Pay,completed
294,24,20,2,2025-08-06 02:38:36,207.03,Google Pay,completed
294,24,57,1,2025-08-06 02:38:36,95.02,Google Pay,completed
295,40,8,1,2026-08-21 02:38:36,35.97,PayPal,completed
295,40,1,2,2026-08-21 02:38:36,139.16,PayPal,completed
296,50,17,2,2025-03-24 15:38:36,27.58,Google Pay,shipped
296,50,45,2,2025-03-24 15:38:36,287.87,Google Pay,shipped
296,50,16,2,2025-03-24 15:38:36,19.5,Google Pay,shipped
297,78,5,2,2025-01-10 12:38:36,135.82,Apple Pay,completed
298,77,24,2,2025-05-11 21:38:36,218.28,Gift Card,completed
298,77,15,2,2025-05-11 21:38:36,163.7,Gift Card,completed
298,77,59,2,2025-05-11 21:38:36,226.14,Gift Card,completed
299,17,19,2,2024-12-21 00:38:36,166.56,Google Pay,completed
300,6,28,3,2024-12-19 14:38:36,185.71,PayPal,shipped
301,14,48,1,2026-03-31 07:38:36,299.73,PayPal,completed
301,14,8,3,2026-03-31 07:38:36,35.97,PayPal,completed
301,14,45,2,2026-03-31 07:38:36,287.87,PayPal,completed
302,82,54,1,2026-07-04 13:38:36,52.68,Gift Card,processing
302,82,47,1,2026-07-04 13:38:36,53.43,Gift Card,processing
303,60,48,2,2026-02-21 02:38:36,299.73,Google Pay,completed
304,69,34,2,2026-08-11 10:38:36,259.03,PayPal,completed
304,69,58,3,2026-08-11 10:38:36,221.13,PayPal,completed
304,69,15,1,2026-08-11 10:38:36,163.7,PayPal,completed
305,55,13,1,2025-08-16 06:38:36,149.63,Apple Pay,shipped
305,55,59,3,2025-08-16 06:38:36,226.14,Apple Pay,shipped
306,68,26,2,2025-12-15 04:38:36,72.85,PayPal,processing
306,68,6,3,2025-12-15 04:38:36,201.48,PayPal,processing
306,68,18,1,2025-12-15 04:38:36,233.11,PayPal,processing
307,40,2,2,2026-02-03 22:38:36,26.74,PayPal,completed
307,40,52,1,2026-02-03 22:38:36,162.37,PayPal,completed
307,40,29,2,2026-02-03 22:38:36,163.35,PayPal,completed
308,95,37,1,2024-10-31 13:38:36,164.66,Apple Pay,completed
309,21,37,3,2026-01-12 06:38:36,164.66,Apple Pay,completed
310,74,7,2,2026-04-25 15:38:36,209.55,PayPal,completed
311,40,5,1,2025-05-21 09:38:36,135.82,Gift Card,completed
312,43,48,3,2025-02-20 17:38:36,299.73,PayPal,completed
312,43,44,1,2025-02-20 17:38:36,197.5,PayPal,completed
313,12,22,3,2025-12-20 16:38:36,176.68,Google Pay,completed
313,12,51,3,2025-12-20 16:38:36,42.05,Google Pay,completed
314,98,2,3,2025-07-03 12:38:36,26.74,PayPal,completed
314,98,58,3,2025-07-03 12:38:36,221.13,PayPal,completed
315,61,29,3,2024-11-21 06:38:36,163.35,Gift Card,completed
315,61,3,3,2024-11-21 06:38:36,251.66,Gift Card,completed
315,61,1,3,2024-11-21 06:38:36,139.16,Gift Card,completed
316,13,3,1,2026-03-23 04:38:36,251.66,Card,completed
316,13,21,1,2026-03-23 04:38:36,22.16,Card,completed
317,24,21,1,2024-10-08 11:38:36,22.16,Google Pay,completed
317,24,1,1,2024-10-08 11:38:36,139.16,Google Pay,completed
318,30,48,3,2025-07-29 16:38:36,299.73,Google Pay,completed
318,30,55,3,2025-07-29 16:38:36,88.66,Google Pay,completed
318,30,44,1,2025-07-29 16:38:36,197.5,Google Pay,completed
319,94,19,3,2025-10-09 19:38:36,166.56,PayPal,completed
320,36,26,2,2026-03-04 03:38:36,72.85,Google Pay,completed
320,36,32,1,2026-03-04 03:38:36,86.15,Google Pay,completed
321,77,17,3,2025-07-12 23:38:36,27.58,PayPal,shipped
321,77,57,1,2025-07-12 23:38:36,95.02,PayPal,shipped
321,77,33,1,2025-07-12 23:38:36,254.15,PayPal,shipped
322,25,24,3,2025-08-31 21:38:36,218.28,Google Pay,completed
323,47,60,1,2025-09-11 22:38:36,200.82,Gift Card,completed
323,47,10,3,2025-09-11 22:38:36,305.7,Gift Card,completed
323,47,37,3,2025-09-11 22:38:36,164.66,Gift Card,completed
324,14,41,1,2025-08-28 20:38:36,258.64,Card,completed
325,27,22,2,2026-06-15 10:38:36,176.68,Apple Pay,shipped
325,27,7,2,2026-06-15 10:38:36,209.55,Apple Pay,shipped
326,7,22,1,2024-10-24 18:38:36,176.68,Apple Pay,completed
326,7,40,1,2024-10-24 18:38:36,81.26,Apple Pay,completed
326,7,48,3,2024-10-24 18:38:36,299.73,Apple Pay,completed
327,31,46,1,2026-07-04 02:38:36,37.6,Apple Pay,completed
327,31,60,2,2026-07-04 02:38:36,200.82,Apple Pay,completed
328,116,10,3,2025-11-03 13:38:36,305.7,Google Pay,completed
328,116,26,3,2025-11-03 13:38:36,72.85,Google Pay,completed
329,64,31,1,2025-12-17 12:38:36,230.13,PayPal,completed
329,64,24,2,2025-12-17 12:38:36,218.28,PayPal,completed
330,14,38,3,2025-11-16 15:38:36,34.28,Card,completed
331,111,10,2,2024-12-09 01:38:36,305.7,PayPal,completed
331,111,29,3,2024-12-09 01:38:36,163.35,PayPal,completed
331,111,3,3,2024-12-09 01:38:36,251.66,PayPal,completed
332,86,15,3,2025-06-30 16:38:36,163.7,PayPal,processing
333,20,37,1,2026-08-10 20:38:36,164.66,Card,completed
333,20,53,3,2026-08-10 20:38:36,220.06,Card,completed
333,20,26,2,2026-08-10 20:38:36,72.85,Card,completed
334,8,46,1,2026-03-17 00:38:36,37.6,Google Pay,completed
335,7,17,2,2024-10-27 19:38:36,27.58,Card,completed
336,112,37,2,2025-08-06 16:38:36,164.66,Gift Card,completed
336,112,8,1,2025-08-06 16:38:36,35.97,Gift Card,completed
336,112,57,1,2025-08-06 16:38:36,95.02,Gift Card,completed
337,7,26,1,2025-10-16 21:38:36,72.85,Google Pay,completed
338,94,39,2,2026-02-14 05:38:36,71.5,Google Pay,processing
339,13,34,3,2024-10-14 19:38:36,259.03,Card,completed
339,13,36,2,2024-10-14 19:38:36,230.78,Card,completed
339,13,27,3,2024-10-14 19:38:36,267.51,Card,completed
340,53,54,1,2026-08-18 06:38:36,52.68,Google Pay,shipped
340,53,42,2,2026-08-18 06:38:36,295.2,Google Pay,shipped
341,71,43,2,2026-01-08 02:38:36,68.79,PayPal,completed
342,90,18,2,2025-03-25 11:38:36,233.11,Gift Card,shipped
342,90,15,1,2025-03-25 11:38:36,163.7,Gift Card,shipped
343,73,53,1,2026-08-20 21:38:36,220.06,PayPal,shipped
344,64,4,2,2026-09-07 22:38:36,293.9,Card,processing
345,67,13,1,2025-09-14 11:38:36,149.63,PayPal,completed
346,45,38,1,2026-05-05 02:38:36,34.28,PayPal,completed
346,45,14,1,2026-05-05 02:38:36,142.32,PayPal,completed
346,45,53,1,2026-05-05 02:38:36,220.06,PayPal,completed
347,18,39,3,2025-01-16 00:38:36,71.5,Google Pay,shipped
348,27,29,1,2024-12-26 17:38:36,163.35,Apple Pay,completed
349,64,25,3,2024-10-16 06:38:36,304.62,Google Pay,completed
349,64,13,1,2024-10-16 06:38:36,149.63,Google Pay,completed
349,64,1,2,2024-10-16 06:38:36,139.16,Google Pay,completed
350,8,20,1,2026-01-07 11:38:36,207.03,PayPal,processing
350,8,46,1,2026-01-07 11:38:36,37.6,PayPal,processing
350,8,45,2,2026-01-07 11:38:36,287.87,PayPal,processing
351,24,28,1,2025-12-13 15:38:36,185.71,Google Pay,completed
352,113,7,2,2025-11-11 18:38:36,209.55,Google Pay,shipped
352,113,23,2,2025-11-11 18:38:36,157.16,Google Pay,shipped
352,113,26,3,2025-11-11 18:38:36,72.85,Google Pay,shipped
353,9,47,2,2024-12-05 06:38:36,53.43,Apple Pay,completed
353,9,16,3,2024-12-05 06:38:36,19.5,Apple Pay,completed
354,67,36,1,2025-11-02 01:38:36,230.78,Gift Card,completed
355,114,44,3,2026-02-04 20:38:36,197.5,Gift Card,completed
355,114,54,1,2026-02-04 20:38:36,52.68,Gift Card,completed
355,114,18,2,2026-02-04 20:38:36,233.11,Gift Card,completed
356,95,47,2,2026-04-25 19:38:36,53.43,Gift Card,shipped
357,105,43,3,2024-11-20 11:38:36,68.79,Gift Card,completed
358,85,13,2,2025-01-05 07:38:36,149.63,Google Pay,shipped
358,85,52,1,2025-01-05 07:38:36,162.37,Google Pay,shipped
358,85,27,2,2025-01-05 07:38:36,267.51,Google Pay,shipped
359,103,1,1,2025-01-01 04:38:36,139.16,PayPal,completed
359,103,19,1,2025-01-01 04:38:36,166.56,PayPal,completed
359,103,43,3,2025-01-01 04:38:36,68.79,PayPal,completed
360,1,50,3,2025-05-02 19:38:36,33.44,Card,completed
361,118,27,1,2025-02-06 07:38:36,267.51,Google Pay,completed
361,118,52,3,2025-02-06 07:38:36,162.37,Google Pay,completed
362,80,57,3,2025-05-20 20:38:36,95.02,Card,shipped
362,80,2,1,2025-05-20 20:38:36,26.74,Card,shipped
362,80,3,1,2025-05-20 20:38:36,251.66,Card,shipped
363,21,53,1,2024-11-08 05:38:36,220.06,Apple Pay,completed
364,68,31,1,2026-01-25 23:38:36,230.13,Gift Card,completed
365,21,55,3,2025-09-21 02:38:36,88.66,Apple Pay,completed
365,21,31,1,2025-09-21 02:38:36,230.13,Apple Pay,completed
366,99,27,3,2026-06-25 17:38:36,267.51,Apple Pay,completed
366,99,2,2,2026-06-25 17:38:36,26.74,Apple Pay,completed
367,80,32,3,2026-05-26 00:38:36,86.15,Google Pay,completed
367,80,26,3,2026-05-26 00:38:36,72.85,Google Pay,completed
368,8,7,1,2026-01-03 12:38:36,209.55,PayPal,completed
369,80,57,1,2026-03-03 15:38:36,95.02,Google Pay,completed
370,46,47,3,2025-08-30 12:38:36,53.43,Apple Pay,completed
370,46,36,2,2025-08-30 12:38:36,230.78,Apple Pay,completed
370,46,31,2,2025-08-30 12:38:36,230.13,Apple Pay,completed
371,62,46,3,2025-07-30 22:38:36,37.6,PayPal,completed
372,114,10,1,2026-02-03 14:38:36,305.7,PayPal,completed
372,114,42,1,2026-02-03 14:38:36,295.2,PayPal,completed
372,114,53,1,2026-02-03 14:38:36,220.06,PayPal,completed
373,113,1,2,2026-08-27 00:38:36,139.16,Google Pay,completed
374,85,34,2,2026-06-28 18:38:36,259.03,Gift Card,completed
374,85,15,3,2026-06-28 18:38:36,163.7,Gift Card,completed
374,85,32,3,2026-06-28 18:38:36,86.15,Gift Card,completed
375,105,52,1,2025-07-09 18:38:36,162.37,PayPal,processing
375,105,27,3,2025-07-09 18:38:36,267.51,PayPal,processing
375,105,49,2,2025-07-09 18:38:36,110.38,PayPal,processing
376,42,4,2,2026-02-01 10:38:36,293.9,Apple Pay,completed
376,42,42,2,2026-02-01 10:38:36,295.2,Apple Pay,completed
377,43,52,3,2026-10-05 01:38:36,162.37,Card,completed
378,107,13,1,2026-07-20 08:38:36,149.63,Google Pay,completed
378,107,59,1,2026-07-20 08:38:36,226.14,Google Pay,completed
378,107,12,1,2026-07-20 08:38:36,262.96,Google Pay,completed
379,29,1,1,2025-07-21 01:38:36,139.16,Apple Pay,completed
379,29,35,3,2025-07-21 01:38:36,226.47,Apple Pay,completed
379,29,19,2,2025-07-21 01:38:36,166.56,Apple Pay,completed
380,64,26,3,2024-10-08 09:38:36,72.85,Google Pay,shipped
380,64,41,3,2024-10-08 09:38:36,258.64,Google Pay,shipped
380,64,52,1,2024-10-08 09:38:36,162.37,Google Pay,shipped
381,19,59,1,2025-05-17 00:38:36,226.14,PayPal,completed
381,19,49,1,2025-05-17 00:38:36,110.38,PayPal,completed
382,13,49,3,2025-02-27 08:38:36,110.38,Gift Card,completed
383,81,5,3,2025-09-15 06:38:36,135.82,Apple Pay,completed
384,101,26,2,2025-06-27 14:38:36,72.85,Gift Card,shipped
385,2,44,2,2026-08-05 11:38:36,197.5,Card,completed
386,83,59,1,2026-08-25 15:38:36,226.14,Card,completed
386,83,43,3,2026-08-25 15:38:36,68.79,Card,completed
386,83,11,1,2026-08-25 15:38:36,177.56,Card,completed
387,40,42,2,2024-12-28 02:38:36,295.2,Card,completed
387,40,25,1,2024-12-28 02:38:36,304.62,Card,completed
387,40,13,2,2024-12-28 02:38:36,149.63,Card,completed
388,8,2,1,2025-10-22 16:38:36,26.74,Gift Card,completed
389,33,6,2,2025-08-15 20:38:36,201.48,Card,completed
389,33,52,3,2025-08-15 20:38:36,162.37,Card,completed
390,104,5,3,2025-07-02 03:38:36,135.82,Card,processing
391,27,31,1,2026-05-20 03:38:36,230.13,Card,completed
391,27,60,3,2026-05-20 03:38:36,200.82,Card,completed
392,14,2,3,2025-03-06 07:38:36,26.74,PayPal,completed
393,63,3,2,2026-09-09 03:38:36,251.66,Card,completed
394,93,49,1,2025-02-06 17:38:36,110.38,Gift Card,shipped
394,93,47,2,2025-02-06 17:38:36,53.43,Gift Card,shipped
394,93,52,1,2025-02-06 17:38:36,162.37,Gift Card,shipped
395,113,60,3,2025-04-28 09:38:36,200.82,PayPal,completed
395,113,41,2,2025-04-28 09:38:36,258.64,PayPal,completed
395,113,6,3,2025-04-28 09:38:36,201.48,PayPal,completed
396,103,51,1,2025-07-22 06:38:36,42.05,PayPal,shipped
396,103,48,2,2025-07-22 06:38:36,299.73,PayPal,shipped
397,27,59,3,2025-07-11 06:38:36,226.14,Gift Card,shipped
398,21,41,1,2025-08-27 17:38:36,258.64,PayPal,completed
398,21,54,1,2025-08-27 17:38:36,52.68,PayPal,completed
398,21,45,1,2025-08-27 17:38:36,287.87,PayPal,completed
399,9,60,3,2025-01-24 20:38:36,200.82,Card,completed
400,89,14,3,2024-12-19 07:38:36,142.32,PayPal,completed
401,48,5,1,2025-01-05 12:38:36,135.82,Gift Card,completed
401,48,21,3,2025-01-05 12:38:36,22.16,Gift Card,completed
401,48,59,3,2025-01-05 12:38:36,226.14,Gift Card,completed
402,51,38,2,2024-11-02 12:38:36,34.28,Gift Card,processing
402,51,24,2,2024-11-02 12:38:36,218.28,Gift Card,processing
403,107,50,1,2025-05-05 17:38:36,33.44,Google Pay,completed
404,96,33,2,2026-01-21 02:38:36,254.15,PayPal,completed
404,96,2,1,2026-01-21 02:38:36,26.74,PayPal,completed
405,75,14,2,2025-08-10 12:38:36,142.32,PayPal,completed
406,47,28,2,2026-03-02 23:38:36,185.71,Gift Card,processing
407,83,21,2,2026-03-21 17:38:36,22.16,PayPal,completed
407,83,44,1,2026-03-21 17:38:36,197.5,PayPal,completed
408,81,15,3,2026-01-15 14:38:36,163.7,Google Pay,shipped
408,81,16,3,2026-01-15 14:38:36,19.5,Google Pay,shipped
408,81,26,1,2026-01-15 14:38:36,72.85,Google Pay,shipped
409,44,39,3,2025-08-21 23:38:36,71.5,Apple Pay,completed
409,44,21,2,2025-08-21 23:38:36,22.16,Apple Pay,completed
409,44,37,3,2025-08-21 23:38:36,164.66,Apple Pay,completed
410,67,32,1,2026-03-03 15:38:36,86.15,PayPal,completed
411,91,51,2,2025-05-22 14:38:36,42.05,Google Pay,shipped
411,91,44,3,2025-05-22 14:38:36,197.5,Google Pay,shipped
411,91,35,3,2025-05-22 14:38:36,226.47,Google Pay,shipped
412,52,44,2,2025-02-04 18:38:36,197.5,Apple Pay,completed
412,52,51,3,2025-02-04 18:38:36,42.05,Apple Pay,completed
412,52,56,1,2025-02-04 18:38:36,116.03,Apple Pay,completed
413,77,46,2,2026-09-17 21:38:36,37.6,Apple Pay,completed
413,77,51,1,2026-09-17 21:38:36,42.05,Apple Pay,completed
413,77,55,1,2026-09-17 21:38:36,88.66,Apple Pay,completed
414,113,47,2,2025-12-29 16:38:36,53.43,Apple Pay,completed
414,113,40,3,2025-12-29 16:38:36,81.26,Apple Pay,completed
415,46,2,2,2025-09-09 03:38:36,26.74,PayPal,completed
415,46,7,1,2025-09-09 03:38:36,209.55,PayPal,completed
416,3,35,3,2026-08-18 14:38:36,226.47,Gift Card,completed
416,3,54,2,2026-08-18 14:38:36,52.68,Gift Card,completed
416,3,27,3,2026-08-18 14:38:36,267.51,Gift Card,completed
417,94,50,1,2024-11-17 05:38:36,33.44,Gift Card,shipped
417,94,5,2,2024-11-17 05:38:36,135.82,Gift Card,shipped
417,94,28,1,2024-11-17 05:38:36,185.71,Gift Card,shipped
418,22,43,2,2026-05-22 11:38:36,68.79,Card,completed
419,30,48,2,2026-05-12 11:38:36,299.73,Card,processing
420,110,8,3,2025-06-10 00:38:36,35.97,Gift Card,completed
421,61,27,1,2026-04-01 06:38:36,267.51,PayPal,completed
422,103,45,2,2026-06-24 18:38:36,287.87,PayPal,processing
422,103,5,1,2026-06-24 18:38:36,135.82,PayPal,processing
423,108,11,2,2025-03-24 06:38:36,177.56,Gift Card,completed
423,108,50,2,2025-03-24 06:38:36,33.44,Gift Card,completed
423,108,44,3,2025-03-24 06:38:36,197.5,Gift Card,completed
424,3,58,2,2026-05-15 17:38:36,221.13,Apple Pay,shipped
425,83,54,1,2025-05-11 02:38:36,52.68,Card,completed
425,83,23,1,2025-05-11 02:38:36,157.16,Card,completed
426,97,36,1,2025-04-22 01:38:36,230.78,Gift Card,completed
427,44,6,3,2025-12-28 11:38:36,201.48,Google Pay,shipped
427,44,42,3,2025-12-28 11:38:36,295.2,Google Pay,shipped
427,44,2,3,2025-12-28 11:38:36,26.74,Google Pay,shipped
428,58,16,1,2024-10-07 12:38:36,19.5,Google Pay,completed
429,42,37,2,2026-04-06 22:38:36,164.66,Card,completed
430,6,16,2,2024-12-19 14:38:36,19.5,PayPal,processing
431,31,49,2,2025-07-01 06:38:36,110.38,Apple Pay,completed
431,31,48,3,2025-07-01 06:38:36,299.73,Apple Pay,completed
431,31,31,1,2025-07-01 06:38:36,230.13,Apple Pay,completed
432,111,31,3,2025-09-18 02:38:36,230.13,Apple Pay,completed
432,111,7,2,2025-09-18 02:38:36,209.55,Apple Pay,completed
432,111,47,2,2025-09-18 02:38:36,53.43,Apple Pay,completed
433,23,26,3,2025-10-05 13:38:36,72.85,Gift Card,shipped
433,23,8,2,2025-10-05 13:38:36,35.97,Gift Card,shipped
433,23,20,2,2025-10-05 13:38:36,207.03,Gift Card,shipped
434,79,16,3,2024-11-09 15:38:36,19.5,Apple Pay,completed
435,10,20,1,2024-12-02 14:38:36,207.03,Google Pay,shipped
435,10,11,3,2024-12-02 14:38:36,177.56,Google Pay,shipped
436,11,14,1,2025-01-23 05:38:36,142.32,PayPal,completed
436,11,28,2,2025-01-23 05:38:36,185.71,PayPal,completed
436,11,37,1,2025-01-23 05:38:36,164.66,PayPal,completed
437,94,10,2,2024-11-20 05:38:36,305.7,Card,completed
438,18,6,2,2025-01-20 00:38:36,201.48,Apple Pay,completed
439,3,1,3,2026-07-07 09:38:36,139.16,Card,completed
439,3,27,1,2026-07-07 09:38:36,267.51,Card,completed
440,120,16,3,2025-12-01 05:38:36,19.5,Google Pay,completed
441,105,51,2,2025-08-13 12:38:36,42.05,Apple Pay,completed
441,105,29,3,2025-08-13 12:38:36,163.35,Apple Pay,completed
442,24,12,3,2025-04-07 07:38:36,262.96,Apple Pay,shipped
442,24,40,2,2025-04-07 07:38:36,81.26,Apple Pay,shipped
442,24,24,2,2025-04-07 07:38:36,218.28,Apple Pay,shipped
443,24,48,1,2025-06-25 12:38:36,299.73,Gift Card,completed
444,24,43,1,2025-06-18 21:38:36,68.79,Google Pay,completed
444,24,45,2,2025-06-18 21:38:36,287.87,Google Pay,completed
444,24,14,2,2025-06-18 21:38:36,142.32,Google Pay,completed
445,78,14,2,2026-07-10 20:38:36,142.32,Card,completed
445,78,16,2,2026-07-10 20:38:36,19.5,Card,completed
445,78,9,2,2026-07-10 20:38:36,250.47,Card,completed
446,94,16,1,2026-06-21 23:38:36,19.5,PayPal,completed
446,94,51,3,2026-06-21 23:38:36,42.05,PayPal,completed
447,80,28,2,2025-09-15 18:38:36,185.71,PayPal,shipped
447,80,24,3,2025-09-15 18:38:36,218.28,PayPal,shipped
447,80,22,1,2025-09-15 18:38:36,176.68,PayPal,shipped
448,79,14,1,2026-07-29 14:38:36,142.32,Card,completed
449,62,50,2,2025-06-29 18:38:36,33.44,Google Pay,completed
449,62,2,1,2025-06-29 18:38:36,26.74,Google Pay,completed
450,16,55,1,2026-05-29 07:38:36,88.66,PayPal,completed
450,16,23,3,2026-05-29 07:38:36,157.16,PayPal,completed
450,16,11,2,2026-05-29 07:38:36,177.56,PayPal,completed
451,10,10,1,2025-05-06 19:38:36,305.7,Apple Pay,completed
451,10,26,3,2025-05-06 19:38:36,72.85,Apple Pay,completed
452,105,6,3,2025-09-11 05:38:36,201.48,PayPal,completed
452,105,35,2,2025-09-11 05:38:36,226.47,PayPal,completed
453,64,47,2,2026-03-02 06:38:36,53.43,Gift Card,completed
454,113,47,3,2026-09-27 18:38:36,53.43,Google Pay,completed
454,113,1,3,2026-09-27 18:38:36,139.16,Google Pay,completed
455,80,10,3,2025-07-01 08:38:36,305.7,Card,processing
455,80,53,2,2025-07-01 08:38:36,220.06,Card,processing
455,80,14,1,2025-07-01 08:38:36,142.32,Card,processing
456,51,25,1,2025-11-06 21:38:36,304.62,Google Pay,shipped
456,51,27,3,2025-11-06 21:38:36,267.51,Google Pay,shipped
456,51,36,3,2025-11-06 21:38:36,230.78,Google Pay,shipped
457,26,35,1,2026-09-02 09:38:36,226.47,Apple Pay,shipped
457,26,22,2,2026-09-02 09:38:36,176.68,Apple Pay,shipped
457,26,53,2,2026-09-02 09:38:36,220.06,Apple Pay,shipped
458,48,10,3,2025-04-11 13:38:36,305.7,Apple Pay,shipped
458,48,52,3,2025-04-11 13:38:36,162.37,Apple Pay,shipped
459,60,46,2,2026-06-12 06:38:36,37.6,Gift Card,shipped
460,90,15,2,2025-07-04 03:38:36,163.7,Apple Pay,completed
460,90,38,3,2025-07-04 03:38:36,34.28,Apple Pay,completed
461,105,28,3,2025-09-17 00:38:36,185.71,Gift Card,shipped
461,105,45,2,2025-09-17 00:38:36,287.87,Gift Card,shipped
461,105,43,1,2025-09-17 00:38:36,68.79,Gift Card,shipped
462,82,43,2,2025-07-03 10:38:36,68.79,PayPal,processing
463,92,35,1,2025-12-14 09:38:36,226.47,Google Pay,completed
463,92,32,1,2025-12-14 09:38:36,86.15,Google Pay,completed
464,63,10,2,2024-11-06 12:38:36,305.7,Gift Card,completed
464,63,9,3,2024-11-06 12:38:36,250.47,Gift Card,completed
464,63,42,3,2024-11-06 12:38:36,295.2,Gift Card,completed
465,110,47,3,2026-01-13 12:38:36,53.43,Google Pay,shipped
465,110,21,2,2026-01-13 12:38:36,22.16,Google Pay,shipped
466,99,36,2,2025-09-28 22:38:36,230.78,Card,shipped
467,78,52,1,2026-05-06 01:38:36,162.37,Google Pay,shipped
468,85,5,2,2025-08-07 15:38:36,135.82,Gift Card,completed
468,85,16,1,2025-08-07 15:38:36,19.5,Gift Card,completed
469,15,45,1,2025-10-05 04:38:36,287.87,Google Pay,completed
469,15,36,3,2025-10-05 04:38:36,230.78,Google Pay,completed
469,15,6,2,2025-10-05 04:38:36,201.48,Google Pay,completed
470,116,10,1,2025-08-07 08:38:36,305.7,PayPal,completed
471,14,44,2,2024-10-26 17:38:36,197.5,Gift Card,completed
472,1,42,1,2024-11-17 22:38:36,295.2,Gift Card,shipped
472,1,50,2,2024-11-17 22:38:36,33.44,Gift Card,shipped
472,1,12,1,2024-11-17 22:38:36,262.96,Gift Card,shipped
473,13,44,2,2025-06-10 17:38:36,197.5,Gift Card,processing
474,70,30,3,2026-09-11 02:38:36,11.27,Apple Pay,completed
474,70,16,1,2026-09-11 02:38:36,19.5,Apple Pay,completed
474,70,50,2,2026-09-11 02:38:36,33.44,Apple Pay,completed
475,74,39,2,2025-01-28 03:38:36,71.5,Google Pay,completed
475,74,57,1,2025-01-28 03:38:36,95.02,Google Pay,completed
475,74,23,1,2025-01-28 03:38:36,157.16,Google Pay,completed
476,3,27,1,2025-07-20 17:38:36,267.51,Apple Pay,completed
476,3,12,2,2025-07-20 17:38:36,262.96,Apple Pay,completed
477,61,40,3,2026-05-20 12:38:36,81.26,PayPal,processing
477,61,2,3,2026-05-20 12:38:36,26.74,PayPal,processing
478,112,23,3,2025-05-18 04:38:36,157.16,Gift Card,completed
479,96,50,1,2026-03-31 17:38:36,33.44,Gift Card,shipped
480,52,8,2,2026-02-04 11:38:36,35.97,Card,processing
480,52,6,2,2026-02-04 11:38:36,201.48,Card,processing
481,73,30,2,2026-08-29 07:38:36,11.27,Gift Card,completed
481,73,21,3,2026-08-29 07:38:36,22.16,Gift Card,completed
481,73,59,3,2026-08-29 07:38:36,226.14,Gift Card,completed
482,1,22,2,2025-04-25 18:38:36,176.68,PayPal,shipped
482,1,2,1,2025-04-25 18:38:36,26.74,PayPal,shipped
482,1,42,3,2025-04-25 18:38:36,295.2,PayPal,shipped
483,49,16,1,2025-02-02 20:38:36,19.5,Card,completed
483,49,56,1,2025-02-02 20:38:36,116.03,Card,completed
484,100,52,2,2026-01-20 15:38:36,162.37,Gift Card,completed
484,100,25,3,2026-01-20 15:38:36,304.62,Gift Card,completed
484,100,12,2,2026-01-20 15:38:36,262.96,Gift Card,completed
485,20,30,3,2026-05-15 16:38:36,11.27,Apple Pay,processing
486,78,23,1,2025-09-28 20:38:36,157.16,PayPal,completed
486,78,19,2,2025-09-28 20:38:36,166.56,PayPal,completed
486,78,48,3,2025-09-28 20:38:36,299.73,PayPal,completed
487,102,24,1,2025-03-18 05:38:36,218.28,Gift Card,completed
488,17,26,1,2024-12-04 16:38:36,72.85,Google Pay,completed
489,93,47,1,2025-06-18 22:38:36,53.43,Google Pay,completed
489,93,58,1,2025-06-18 22:38:36,221.13,Google Pay,completed
489,93,45,1,2025-06-18 22:38:36,287.87,Google Pay,completed
490,23,33,3,2025-06-02 10:38:36,254.15,Card,completed
490,23,53,3,2025-06-02 10:38:36,220.06,Card,completed
490,23,45,3,2025-06-02 10:38:36,287.87,Card,completed
491,91,17,2,2025-12-10 15:38:36,27.58,Gift Card,completed
492,72,48,1,2025-08-04 18:38:36,299.73,Apple Pay,shipped
493,6,25,1,2025-07-07 14:38:36,304.62,Google Pay,completed
494,69,59,1,2025-01-27 11:38:36,226.14,PayPal,completed
494,69,40,1,2025-01-27 11:38:36,81.26,PayPal,completed
495,41,2,3,2025-07-27 00:38:36,26.74,PayPal,completed
495,41,7,1,2025-07-27 00:38:36,209.55,PayPal,completed
496,1,48,2,2025-09-28 04:38:36,299.73,Google Pay,completed
497,56,4,3,2025-07-11 14:38:36,293.9,PayPal,completed
497,56,46,1,2025-07-11 14:38:36,37.6,PayPal,completed
497,56,56,2,2025-07-11 14:38:36,116.03,PayPal,completed
498,31,13,2,2026-09-24 01:38:36,149.63,Card,completed
498,31,49,1,2026-09-24 01:38:36,110.38,Card,completed
499,65,2,3,2025-06-10 03:38:36,26.74,Google Pay,completed
499,65,25,3,2025-06-10 03:38:36,304.62,Google Pay,completed
499,65,60,3,2025-06-10 03:38:36,200.82,Google Pay,completed
500,50,15,2,2025-08-07 06:38:36,163.7,PayPal,shipped
500,50,5,3,2025-08-07 06:38:36,135.82,PayPal,shipped
500,50,22,1,2025-08-07 06:38:36,176.68,PayPal,shipped
501,120,10,1,2025-06-14 02:38:36,305.7,Gift Card,completed
501,120,30,3,2025-06-14 02:38:36,11.27,Gift Card,completed
501,120,13,1,2025-06-14 02:38:36,149.63,Gift Card,completed
502,19,8,1,2026-03-10 10:38:36,35.97,Google Pay,completed
502,19,55,3,2026-03-10 10:38:36,88.66,Google Pay,completed
502,19,51,3,2026-03-10 10:38:36,42.05,Google Pay,completed
503,61,57,2,2025-10-29 17:38:36,95.02,PayPal,completed
503,61,47,3,2025-10-29 17:38:36,53.43,PayPal,completed
504,119,31,1,2025-06-12 18:38:36,230.13,Gift Card,shipped
505,47,3,3,2026-07-19 02:38:36,251.66,Gift Card,completed
505,47,38,1,2026-07-19 02:38:36,34.28,Gift Card,completed
505,47,55,2,2026-07-19 02:38:36,88.66,Gift Card,completed
506,112,1,1,2024-10-14 07:38:36,139.16,Gift Card,processing
506,112,58,2,2024-10-14 07:38:36,221.13,Gift Card,processing
506,112,49,3,2024-10-14 07:38:36,110.38,Gift Card,processing
507,45,31,1,2026-04-06 22:38:36,230.13,PayPal,completed
508,1,42,1,2025-01-06 01:38:36,295.2,Apple Pay,completed
509,75,10,3,2025-12-24 11:38:36,305.7,Gift Card,shipped
509,75,26,1,2025-12-24 11:38:36,72.85,Gift Card,shipped
509,75,3,2,2025-12-24 11:38:36,251.66,Gift Card,shipped
510,109,27,2,2025-04-14 12:38:36,267.51,PayPal,completed
510,109,33,2,2025-04-14 12:38:36,254.15,PayPal,completed
511,57,58,1,2026-08-10 12:38:36,221.13,Google Pay,completed
511,57,11,3,2026-08-10 12:38:36,177.56,Google Pay,completed
511,57,36,2,2026-08-10 12:38:36,230.78,Google Pay,completed
512,67,31,2,2025-03-09 21:38:36,230.13,Google Pay,completed
512,67,23,2,2025-03-09 21:38:36,157.16,Google Pay,completed
512,67,15,2,2025-03-09 21:38:36,163.7,Google Pay,completed
513,66,53,1,2026-07-20 06:38:36,220.06,PayPal,completed
513,66,35,3,2026-07-20 06:38:36,226.47,PayPal,completed
513,66,20,2,2026-07-20 06:38:36,207.03,PayPal,completed
514,31,1,1,2026-02-21 21:38:36,139.16,Google Pay,shipped
514,31,30,2,2026-02-21 21:38:36,11.27,Google Pay,shipped
514,31,33,1,2026-02-21 21:38:36,254.15,Google Pay,shipped
515,69,54,3,2025-05-14 05:38:36,52.68,Google Pay,completed
515,69,16,1,2025-05-14 05:38:36,19.5,Google Pay,completed
516,99,23,1,2026-04-22 14:38:36,157.16,Apple Pay,completed
516,99,1,2,2026-04-22 14:38:36,139.16,Apple Pay,completed
517,68,17,2,2026-01-06 23:38:36,27.58,Google Pay,completed
517,68,52,1,2026-01-06 23:38:36,162.37,Google Pay,completed
517,68,4,3,2026-01-06 23:38:36,293.9,Google Pay,completed
518,7,21,3,2025-07-31 01:38:36,22.16,Gift Card,completed
519,76,47,2,2025-04-09 07:38:36,53.43,Card,processing
519,76,17,1,2025-04-09 07:38:36,27.58,Card,processing
519,76,35,1,2025-04-09 07:38:36,226.47,Card,processing
520,32,25,3,2026-03-16 06:38:36,304.62,Card,completed
520,32,19,2,2026-03-16 06:38:36,166.56,Card,completed
521,42,18,3,2025-04-08 01:38:36,233.11,Gift Card,shipped
522,98,40,2,2026-04-07 12:38:36,81.26,Gift Card,completed
523,31,25,3,2026-06-18 09:38:36,304.62,Google Pay,completed
523,31,6,1,2026-06-18 09:38:36,201.48,Google Pay,completed
524,40,6,2,2025-10-22 01:38:36,201.48,Card,completed
525,99,16,2,2025-07-06 18:38:36,19.5,PayPal,completed
525,99,14,1,2025-07-06 18:38:36,142.32,PayPal,completed
526,54,11,2,2026-09-30 15:38:36,177.56,Gift Card,shipped
526,54,47,3,2026-09-30 15:38:36,53.43,Gift Card,shipped
527,37,48,2,2025-09-15 00:38:36,299.73,PayPal,completed
527,37,8,1,2025-09-15 00:38:36,35.97,PayPal,completed
528,89,45,3,2026-09-27 07:38:36,287.87,Card,completed
528,89,19,2,2026-09-27 07:38:36,166.56,Card,completed
529,39,21,1,2026-06-13 08:38:36,22.16,Google Pay,completed
529,39,17,3,2026-06-13 08:38:36,27.58,Google Pay,completed
529,39,43,3,2026-06-13 08:38:36,68.79,Google Pay,completed
530,1,60,2,2026-01-07 06:38:36,200.82,Card,completed
531,72,6,3,2026-06-01 13:38:36,201.48,Apple Pay,completed
532,57,37,2,2025-06-26 16:38:36,164.66,PayPal,completed
532,57,43,2,2025-06-26 16:38:36,68.79,PayPal,completed
532,57,5,3,2025-06-26 16:38:36,135.82,PayPal,completed
533,21,41,3,2026-07-10 19:38:36,258.64,Apple Pay,completed
534,119,44,3,2024-10-20 19:38:36,197.5,Card,completed
534,119,27,1,2024-10-20 19:38:36,267.51,Card,completed
534,119,26,1,2024-10-20 19:38:36,72.85,Card,completed
535,58,33,1,2025-07-30 12:38:36,254.15,Google Pay,completed
535,58,27,1,2025-07-30 12:38:36,267.51,Google Pay,completed
536,104,4,3,2025-09-07 17:38:36,293.9,Card,shipped
536,104,8,2,2025-09-07 17:38:36,35.97,Card,shipped
536,104,56,2,2025-09-07 17:38:36,116.03,Card,shipped
537,34,32,2,2026-08-24 00:38:36,86.15,PayPal,completed
537,34,56,3,2026-08-24 00:38:36,116.03,PayPal,completed
538,2,38,2,2026-08-12 00:38:36,34.28,Apple Pay,completed
539,18,8,3,2026-07-19 07:38:36,35.97,Apple Pay,completed
539,18,37,2,2026-07-19 07:38:36,164.66,Apple Pay,completed
540,83,21,2,2025-09-06 00:38:36,22.16,Google Pay,shipped
540,83,60,3,2025-09-06 00:38:36,200.82,Google Pay,shipped
540,83,41,3,2025-09-06 00:38:36,258.64,Google Pay,shipped
541,82,38,2,2025-08-13 18:38:36,34.28,Card,shipped
541,82,25,3,2025-08-13 18:38:36,304.62,Card,shipped
541,82,45,1,2025-08-13 18:38:36,287.87,Card,shipped
542,39,19,3,2026-04-09 11:38:36,166.56,Card,shipped
542,39,59,1,2026-04-09 11:38:36,226.14,Card,shipped
542,39,54,2,2026-04-09 11:38:36,52.68,Card,shipped
543,4,30,1,2025-10-06 23:38:36,11.27,Apple Pay,completed
544,46,57,3,2025-09-28 21:38:36,95.02,Google Pay,shipped
544,46,30,2,2025-09-28 21:38:36,11.27,Google Pay,shipped
545,50,8,3,2025-11-25 11:38:36,35.97,Google Pay,shipped
545,50,5,2,2025-11-25 11:38:36,135.82,Google Pay,shipped
545,50,38,3,2025-11-25 11:38:36,34.28,Google Pay,shipped
546,64,19,2,2024-11-09 08:38:36,166.56,Apple Pay,processing
546,64,59,2,2024-11-09 08:38:36,226.14,Apple Pay,processing
547,44,29,1,2025-12-19 18:38:36,163.35,PayPal,completed
548,107,7,1,2024-11-08 08:38:36,209.55,Apple Pay,completed
548,107,55,3,2024-11-08 08:38:36,88.66,Apple Pay,completed
548,107,43,3,2024-11-08 08:38:36,68.79,Apple Pay,completed
549,77,25,2,2026-04-09 16:38:36,304.62,Card,completed
549,77,53,2,2026-04-09 16:38:36,220.06,Card,completed
549,77,44,1,2026-04-09 16:38:36,197.5,Card,completed
550,57,1,2,2025-06-12 11:38:36,139.16,Gift Card,completed
550,57,32,2,2025-06-12 11:38:36,86.15,Gift Card,completed
551,119,20,3,2025-04-10 04:38:36,207.03,PayPal,completed
552,53,37,2,2025-11-01 05:38:36,164.66,PayPal,processing
552,53,50,1,2025-11-01 05:38:36,33.44,PayPal,processing
553,79,47,3,2025-06-23 19:38:36,53.43,Apple Pay,completed
554,24,16,3,2025-09-04 02:38:36,19.5,Apple Pay,shipped
554,24,46,3,2025-09-04 02:38:36,37.6,Apple Pay,shipped
554,24,17,2,2025-09-04 02:38:36,27.58,Apple Pay,shipped
555,93,18,2,2026-02-27 07:38:36,233.11,Gift Card,completed
556,36,19,2,2026-07-07 18:38:36,166.56,Gift Card,processing
556,36,59,2,2026-07-07 18:38:36,226.14,Gift Card,processing
556,36,17,1,2026-07-07 18:38:36,27.58,Gift Card,processing
557,100,17,1,2025-07-14 19:38:36,27.58,Card,completed
558,87,29,1,2025-01-26 11:38:36,163.35,Card,completed
558,87,26,3,2025-01-26 11:38:36,72.85,Card,completed
559,60,7,3,2025-10-03 09:38:36,209.55,Apple Pay,processing
559,60,59,2,2025-10-03 09:38:36,226.14,Apple Pay,processing
560,52,55,1,2026-07-08 09:38:36,88.66,Gift Card,completed
560,52,52,3,2026-07-08 09:38:36,162.37,Gift Card,completed
561,86,45,1,2024-11-11 18:38:36,287.87,Google Pay,completed
561,86,57,1,2024-11-11 18:38:36,95.02,Google Pay,completed
561,86,7,3,2024-11-11 18:38:36,209.55,Google Pay,completed
562,71,15,1,2026-03-30 11:38:36,163.7,PayPal,completed
563,81,58,1,2026-09-11 02:38:36,221.13,Google Pay,completed
563,81,36,1,2026-09-11 02:38:36,230.78,Google Pay,completed
563,81,44,1,2026-09-11 02:38:36,197.5,Google Pay,completed
564,52,46,3,2025-02-14 07:38:36,37.6,Apple Pay,completed
565,1,44,1,2025-04-09 19:38:36,197.5,Google Pay,completed
565,1,33,2,2025-04-09 19:38:36,254.15,Google Pay,completed
565,1,28,3,2025-04-09 19:38:36,185.71,Google Pay,completed
566,40,37,1,2025-09-09 07:38:36,164.66,Google Pay,completed
566,40,9,2,2025-09-09 07:38:36,250.47,Google Pay,completed
566,40,2,1,2025-09-09 07:38:36,26.74,Google Pay,completed
567,76,35,2,2026-09-01 10:38:36,226.47,Google Pay,shipped
567,76,40,1,2026-09-01 10:38:36,81.26,Google Pay,shipped
567,76,16,3,2026-09-01 10:38:36,19.5,Google Pay,shipped
568,88,6,2,2025-08-25 16:38:36,201.48,Apple Pay,completed
569,54,6,1,2026-07-19 15:38:36,201.48,Apple Pay,completed
569,54,56,1,2026-07-19 15:38:36,116.03,Apple Pay,completed
569,54,16,3,2026-07-19 15:38:36,19.5,Apple Pay,completed
570,26,12,2,2025-08-31 16:38:36,262.96,Google Pay,shipped
570,26,53,2,2025-08-31 16:38:36,220.06,Google Pay,shipped
571,81,50,3,2025-10-30 21:38:36,33.44,Gift Card,completed
571,81,39,2,2025-10-30 21:38:36,71.5,Gift Card,completed
572,86,12,1,2025-05-19 00:38:36,262.96,Gift Card,completed
572,86,23,2,2025-05-19 00:38:36,157.16,Gift Card,completed
573,33,53,1,2026-01-18 11:38:36,220.06,PayPal,completed
573,33,41,3,2026-01-18 11:38:36,258.64,PayPal,completed
574,10,55,2,2024-12-09 15:38:36,88.66,PayPal,completed
574,10,52,3,2024-12-09 15:38:36,162.37,PayPal,completed
574,10,50,1,2024-12-09 15:38:36,33.44,PayPal,completed
575,120,41,1,2026-06-05 23:38:36,258.64,Apple Pay,completed
576,118,13,2,2025-03-04 06:38:36,149.63,Card,completed
577,59,15,2,2025-06-09 17:38:36,163.7,Google Pay,shipped
577,59,50,1,2025-06-09 17:38:36,33.44,Google Pay,shipped
577,59,19,1,2025-06-09 17:38:36,166.56,Google Pay,shipped
578,108,12,2,2024-12-30 22:38:36,262.96,Google Pay,completed
579,114,24,2,2026-04-19 12:38:36,218.28,Google Pay,shipped
579,114,31,2,2026-04-19 12:38:36,230.13,Google Pay,shipped
579,114,17,1,2026-04-19 12:38:36,27.58,Google Pay,shipped
580,79,12,1,2025-11-05 01:38:36,262.96,Card,processing
580,79,32,1,2025-11-05 01:38:36,86.15,Card,processing
581,10,11,2,2025-08-20 10:38:36,177.56,PayPal,completed
581,10,44,1,2025-08-20 10:38:36,197.5,PayPal,completed
582,27,57,2,2025-01-05 16:38:36,95.02,PayPal,completed
582,27,48,1,2025-01-05 16:38:36,299.73,PayPal,completed
582,27,50,2,2025-01-05 16:38:36,33.44,PayPal,completed
583,93,27,3,2025-03-03 13:38:36,267.51,Gift Card,completed
583,93,38,2,2025-03-03 13:38:36,34.28,Gift Card,completed
584,97,49,1,2025-04-11 15:38:36,110.38,Apple Pay,completed
584,97,57,3,2025-04-11 15:38:36,95.02,Apple Pay,completed
584,97,28,1,2025-04-11 15:38:36,185.71,Apple Pay,completed
585,117,19,1,2025-03-18 19:38:36,166.56,Gift Card,completed
585,117,24,1,2025-03-18 19:38:36,218.28,Gift Card,completed
585,117,12,3,2025-03-18 19:38:36,262.96,Gift Card,completed
586,116,50,3,2025-03-13 10:38:36,33.44,Card,completed
587,53,26,1,2026-01-13 09:38:36,72.85,Apple Pay,shipped
587,53,39,3,2026-01-13 09:38:36,71.5,Apple Pay,shipped
588,19,59,3,2026-05-29 22:38:36,226.14,Google Pay,shipped
588,19,48,2,2026-05-29 22:38:36,299.73,Google Pay,shipped
588,19,36,1,2026-05-29 22:38:36,230.78,Google Pay,shipped
589,11,36,3,2026-03-06 00:38:36,230.78,Card,completed
589,11,43,3,2026-03-06 00:38:36,68.79,Card,completed
590,89,18,3,2025-08-03 13:38:36,233.11,Google Pay,completed
590,89,28,3,2025-08-03 13:38:36,185.71,Google Pay,completed
590,89,46,1,2025-08-03 13:38:36,37.6,Google Pay,completed
591,6,34,2,2026-01-04 04:38:36,259.03,Card,processing
591,6,28,1,2026-01-04 04:38:36,185.71,Card,processing
592,27,19,1,2024-11-02 07:38:36,166.56,Apple Pay,shipped
592,27,52,1,2024-11-02 07:38:36,162.37,Apple Pay,shipped
593,67,9,3,2025-05-10 17:38:36,250.47,Card,completed
594,99,8,2,2025-01-09 17:38:36,35.97,Apple Pay,completed
595,57,21,1,2025-07-21 07:38:36,22.16,Google Pay,completed
595,57,14,2,2025-07-21 07:38:36,142.32,Google Pay,completed
596,105,36,2,2026-06-03 10:38:36,230.78,Card,completed
597,74,46,2,2025-02-13 00:38:36,37.6,PayPal,completed
598,15,7,3,2024-12-14 22:38:36,209.55,Card,completed
598,15,8,1,2024-12-14 22:38:36,35.97,Card,completed
599,103,3,1,2025-02-11 05:38:36,251.66,Google Pay,completed
599,103,19,1,2025-02-11 05:38:36,166.56,Google Pay,completed
600,73,34,2,2025-01-15 04:38:36,259.03,Google Pay,completed
600,73,23,1,2025-01-15 04:38:36,157.16,Google Pay,completed
601,39,19,1,2026-07-10 14:38:36,166.56,Google Pay,shipped
602,21,48,2,2026-01-30 18:38:36,299.73,Google Pay,completed
603,22,48,1,2025-02-09 10:38:36,299.73,Card,completed
603,22,50,1,2025-02-09 10:38:36,33.44,Card,completed
603,22,60,1,2025-02-09 10:38:36,200.82,Card,completed
604,29,56,2,2025-04-12 10:38:36,116.03,Gift Card,completed
605,86,26,3,2026-07-21 14:38:36,72.85,PayPal,completed
606,42,25,2,2026-09-07 23:38:36,304.62,Gift Card,shipped
606,42,60,1,2026-09-07 23:38:36,200.82,Gift Card,shipped
607,28,53,1,2024-10-07 05:38:36,220.06,PayPal,completed
607,28,46,2,2024-10-07 05:38:36,37.6,PayPal,completed
607,28,60,3,2024-10-07 05:38:36,200.82,PayPal,completed
608,109,33,1,2026-04-24 11:38:36,254.15,PayPal,completed
608,109,54,2,2026-04-24 11:38:36,52.68,PayPal,completed
608,109,43,3,2026-04-24 11:38:36,68.79,PayPal,completed
609,34,36,1,2025-01-08 08:38:36,230.78,Google Pay,processing
609,34,44,1,2025-01-08 08:38:36,197.5,Google Pay,processing
609,34,27,2,2025-01-08 08:38:36,267.51,Google Pay,processing
610,69,58,2,2026-08-05 04:38:36,221.13,PayPal,completed
611,5,33,3,2025-04-28 21:38:36,254.15,PayPal,completed
611,5,56,2,2025-04-28 21:38:36,116.03,PayPal,completed
612,117,17,2,2025-05-23 14:38:36,27.58,Google Pay,completed
612,117,16,3,2025-05-23 14:38:36,19.5,Google Pay,completed
612,117,10,3,2025-05-23 14:38:36,305.7,Google Pay,completed
613,43,41,3,2026-08-23 06:38:36,258.64,Card,shipped
613,43,4,3,2026-08-23 06:38:36,293.9,Card,shipped
613,43,7,3,2026-08-23 06:38:36,209.55,Card,shipped
614,1,33,1,2025-04-08 20:38:36,254.15,Apple Pay,shipped
614,1,23,1,2025-04-08 20:38:36,157.16,Apple Pay,shipped
615,10,13,3,2025-03-31 18:38:36,149.63,Card,completed
615,10,10,1,2025-03-31 18:38:36,305.7,Card,completed
615,10,26,1,2025-03-31 18:38:36,72.85,Card,completed
616,41,32,2,2026-03-28 02:38:36,86.15,Apple Pay,completed
616,41,49,3,2026-03-28 02:38:36,110.38,Apple Pay,completed
616,41,14,1,2026-03-28 02:38:36,142.32,Apple Pay,completed
617,80,57,3,2025-02-10 05:38:36,95.02,PayPal,completed
617,80,40,2,2025-02-10 05:38:36,81.26,PayPal,completed
617,80,13,1,2025-02-10 05:38:36,149.63,PayPal,completed
618,94,40,3,2026-03-15 05:38:36,81.26,PayPal,shipped
618,94,32,2,2026-03-15 05:38:36,86.15,PayPal,shipped
618,94,25,3,2026-03-15 05:38:36,304.62,PayPal,shipped
619,4,59,2,2025-09-21 01:38:36,226.14,Apple Pay,completed
620,62,13,2,2025-09-22 07:38:36,149.63,Google Pay,shipped
621,9,10,3,2025-03-08 23:38:36,305.7,Card,processing
621,9,51,3,2025-03-08 23:38:36,42.05,Card,processing
621,9,54,1,2025-03-08 23:38:36,52.68,Card,processing
622,15,7,2,2026-08-13 06:38:36,209.55,PayPal,completed
622,15,41,3,2026-08-13 06:38:36,258.64,PayPal,completed
623,106,29,2,2025-08-28 00:38:36,163.35,Google Pay,shipped
623,106,35,1,2025-08-28 00:38:36,226.47,Google Pay,shipped
623,106,16,2,2025-08-28 00:38:36,19.5,Google Pay,shipped
624,41,20,2,2026-05-30 16:38:36,207.03,PayPal,completed
624,41,22,1,2026-05-30 16:38:36,176.68,PayPal,completed
625,64,48,1,2026-07-19 19:38:36,299.73,Apple Pay,completed
626,91,8,1,2025-06-17 19:38:36,35.97,Card,completed
626,91,46,2,2025-06-17 19:38:36,37.6,Card,completed
627,41,16,3,2025-10-16 03:38:36,19.5,Google Pay,completed
628,60,57,2,2025-11-28 18:38:36,95.02,Gift Card,completed
629,37,14,2,2025-08-20 18:38:36,142.32,PayPal,completed
630,111,43,1,2026-07-15 15:38:36,68.79,Google Pay,shipped
630,111,10,2,2026-07-15 15:38:36,305.7,Google Pay,shipped
631,10,47,2,2025-11-13 01:38:36,53.43,Card,completed
632,90,21,3,2024-12-10 00:38:36,22.16,Card,completed
632,90,51,1,2024-12-10 00:38:36,42.05,Card,completed
632,90,17,2,2024-12-10 00:38:36,27.58,Card,completed
633,10,8,2,2025-09-18 22:38:36,35.97,Card,completed
633,10,7,3,2025-09-18 22:38:36,209.55,Card,completed
633,10,4,1,2025-09-18 22:38:36,293.9,Card,completed
634,14,24,2,2025-06-30 02:38:36,218.28,Gift Card,processing
634,14,41,2,2025-06-30 02:38:36,258.64,Gift Card,processing
635,72,37,3,2025-12-22 12:38:36,164.66,PayPal,completed
635,72,56,2,2025-12-22 12:38:36,116.03,PayPal,completed
636,57,10,2,2026-09-09 05:38:36,305.7,Google Pay,completed
637,91,29,3,2026-03-05 15:38:36,163.35,Gift Card,completed
637,91,28,2,2026-03-05 15:38:36,185.71,Gift Card,completed
638,5,20,3,2026-09-04 18:38:36,207.03,Card,completed
638,5,22,1,2026-09-04 18:38:36,176.68,Card,completed
639,119,1,2,2026-05-26 23:38:36,139.16,PayPal,completed
639,119,56,1,2026-05-26 23:38:36,116.03,PayPal,completed
639,119,19,1,2026-05-26 23:38:36,166.56,PayPal,completed
640,101,58,3,2025-10-28 08:38:36,221.13,PayPal,completed
641,80,47,2,2025-11-09 04:38:36,53.43,Card,completed
641,80,58,3,2025-11-09 04:38:36,221.13,Card,completed
641,80,41,1,2025-11-09 04:38:36,258.64,Card,completed
642,10,27,3,2026-03-17 13:38:36,267.51,Card,completed
643,56,30,1,2025-07-23 14:38:36,11.27,Card,shipped
643,56,35,3,2025-07-23 14:38:36,226.47,Card,shipped
644,16,16,3,2025-02-20 06:38:36,19.5,PayPal,completed
645,114,32,2,2026-07-15 21:38:36,86.15,Google Pay,completed
645,114,22,1,2026-07-15 21:38:36,176.68,Google Pay,completed
645,114,38,2,2026-07-15 21:38:36,34.28,Google Pay,completed
646,2,32,1,2025-04-09 21:38:36,86.15,PayPal,processing
646,2,6,1,2025-04-09 21:38:36,201.48,PayPal,processing
647,55,57,2,2025-06-18 23:38:36,95.02,PayPal,processing
647,55,21,3,2025-06-18 23:38:36,22.16,PayPal,processing
648,59,7,3,2025-02-09 13:38:36,209.55,PayPal,completed
648,59,17,1,2025-02-09 13:38:36,27.58,PayPal,completed
649,72,33,1,2025-11-04 09:38:36,254.15,Google Pay,completed
649,72,17,1,2025-11-04 09:38:36,27.58,Google Pay,completed
650,34,44,3,2026-05-30 17:38:36,197.5,PayPal,completed
650,34,45,1,2026-05-30 17:38:36,287.87,PayPal,completed
650,34,24,3,2026-05-30 17:38:36,218.28,PayPal,completed
651,61,41,2,2024-10-27 17:38:36,258.64,PayPal,completed
651,61,5,2,2024-10-27 17:38:36,135.82,PayPal,completed
652,6,44,1,2026-08-14 23:38:36,197.5,PayPal,completed
652,6,59,1,2026-08-14 23:38:36,226.14,PayPal,completed
652,6,8,2,2026-08-14 23:38:36,35.97,PayPal,completed
653,27,34,1,2026-06-21 04:38:36,259.03,PayPal,completed
653,27,43,2,2026-06-21 04:38:36,68.79,PayPal,completed
654,77,14,3,2026-05-14 13:38:36,142.32,PayPal,completed
654,77,47,3,2026-05-14 13:38:36,53.43,PayPal,completed
654,77,56,3,2026-05-14 13:38:36,116.03,PayPal,completed
655,59,31,2,2024-12-12 13:38:36,230.13,Google Pay,completed
655,59,18,1,2024-12-12 13:38:36,233.11,Google Pay,completed
656,68,56,2,2026-02-10 17:38:36,116.03,PayPal,completed
656,68,60,3,2026-02-10 17:38:36,200.82,PayPal,completed
657,56,53,1,2025-05-17 06:38:36,220.06,Google Pay,completed
658,27,21,1,2026-01-21 18:38:36,22.16,PayPal,completed
658,27,8,3,2026-01-21 18:38:36,35.97,PayPal,completed
659,103,60,1,2026-07-14 16:38:36,200.82,Google Pay,completed
659,103,8,2,2026-07-14 16:38:36,35.97,Google Pay,completed
660,67,19,1,2026-05-12 21:38:36,166.56,Gift Card,completed
660,67,24,3,2026-05-12 21:38:36,218.28,Gift Card,completed
661,16,15,1,2026-04-14 17:38:36,163.7,Gift Card,completed
661,16,33,3,2026-04-14 17:38:36,254.15,Gift Card,completed
662,60,33,3,2024-12-10 17:38:36,254.15,Apple Pay,completed
662,60,60,1,2024-12-10 17:38:36,200.82,Apple Pay,completed
663,7,21,3,2026-04-01 00:38:36,22.16,Gift Card,shipped
663,7,30,1,2026-04-01 00:38:36,11.27,Gift Card,shipped
664,89,22,2,2025-10-21 11:38:36,176.68,Card,shipped
664,89,21,3,2025-10-21 11:38:36,22.16,Card,shipped
665,82,38,3,2026-01-10 10:38:36,34.28,Card,completed
665,82,14,3,2026-01-10 10:38:36,142.32,Card,completed
665,82,7,1,2026-01-10 10:38:36,209.55,Card,completed
666,25,58,3,2026-06-15 05:38:36,221.13,Gift Card,shipped
666,25,4,1,2026-06-15 05:38:36,293.9,Gift Card,shipped
667,26,12,3,2025-02-21 13:38:36,262.96,Google Pay,shipped
667,26,2,2,2025-02-21 13:38:36,26.74,Google Pay,shipped
667,26,57,2,2025-02-21 13:38:36,95.02,Google Pay,shipped
668,112,39,3,2024-10-28 17:38:36,71.5,PayPal,processing
668,112,53,2,2024-10-28 17:38:36,220.06,PayPal,processing
669,57,50,1,2025-08-29 06:38:36,33.44,Gift Card,completed
669,57,36,3,2025-08-29 06:38:36,230.78,Gift Card,completed
670,93,11,2,2025-06-19 13:38:36,177.56,Gift Card,completed
671,63,18,1,2025-02-25 13:38:36,233.11,Google Pay,completed
671,63,41,3,2025-02-25 13:38:36,258.64,Google Pay,completed
672,7,55,2,2026-08-25 19:38:36,88.66,Gift Card,completed
673,86,2,1,2025-10-29 23:38:36,26.74,PayPal,shipped
674,111,2,2,2026-06-25 20:38:36,26.74,Google Pay,shipped
675,34,23,3,2025-04-04 01:38:36,157.16,Gift Card,completed
675,34,49,3,2025-04-04 01:38:36,110.38,Gift Card,completed
675,34,50,1,2025-04-04 01:38:36,33.44,Gift Card,completed
676,75,4,3,2026-06-27 09:38:36,293.9,Card,completed
677,59,22,1,2025-02-22 08:38:36,176.68,Card,completed
677,59,46,1,2025-02-22 08:38:36,37.6,Card,completed
678,13,48,3,2025-07-24 15:38:36,299.73,PayPal,processing
679,82,42,1,2026-02-28 21:38:36,295.2,Google Pay,completed
680,73,11,1,2025-11-04 01:38:36,177.56,Card,processing
681,64,11,2,2024-11-07 16:38:36,177.56,Gift Card,completed
681,64,36,1,2024-11-07 16:38:36,230.78,Gift Card,completed
682,68,35,2,2025-11-20 20:38:36,226.47,PayPal,completed
682,68,1,1,2025-11-20 20:38:36,139.16,PayPal,completed
683,1,44,1,2026-04-07 15:38:36,197.5,Apple Pay,processing
683,1,3,3,2026-04-07 15:38:36,251.66,Apple Pay,processing
684,70,40,2,2024-12-09 11:38:36,81.26,Google Pay,completed
684,70,2,2,2024-12-09 11:38:36,26.74,Google Pay,completed
684,70,54,1,2024-12-09 11:38:36,52.68,Google Pay,completed
685,62,12,1,2025-12-27 03:38:36,262.96,Gift Card,completed
686,117,18,1,2026-01-08 14:38:36,233.11,Gift Card,completed
687,96,15,3,2026-05-09 11:38:36,163.7,Apple Pay,completed
687,96,36,1,2026-05-09 11:38:36,230.78,Apple Pay,completed
688,34,27,1,2025-09-19 01:38:36,267.51,Card,shipped
688,34,37,3,2025-09-19 01:38:36,164.66,Card,shipped
688,34,18,2,2025-09-19 01:38:36,233.11,Card,shipped
689,7,44,1,2026-02-11 18:38:36,197.5,Card,completed
689,7,6,1,2026-02-11 18:38:36,201.48,Card,completed
690,90,40,3,2025-03-16 03:38:36,81.26,Apple Pay,completed
691,46,6,3,2026-07-17 19:38:36,201.48,Gift Card,shipped
692,93,34,2,2025-11-23 20:38:36,259.03,PayPal,completed
693,90,31,2,2026-04-09 11:38:36,230.13,Card,completed
694,91,25,2,2024-11-25 09:38:36,304.62,Apple Pay,completed
694,91,60,2,2024-11-25 09:38:36,200.82,Apple Pay,completed
695,10,47,3,2025-09-29 22:38:36,53.43,PayPal,completed
696,97,36,1,2025-06-28 16:38:36,230.78,Apple Pay,completed
696,97,17,3,2025-06-28 16:38:36,27.58,Apple Pay,completed
696,97,3,2,2025-06-28 16:38:36,251.66,Apple Pay,completed
697,12,20,3,2025-04-29 00:38:36,207.03,Apple Pay,completed
697,12,48,2,2025-04-29 00:38:36,299.73,Apple Pay,completed
697,12,10,2,2025-04-29 00:38:36,305.7,Apple Pay,completed
698,112,43,1,2024-11-07 10:38:36,68.79,Google Pay,completed
699,98,29,2,2026-02-18 17:38:36,163.35,Card,shipped
700,30,19,3,2026-04-14 11:38:36,166.56,Apple Pay,completed
700,30,4,3,2026-04-14 11:38:36,293.9,Apple Pay,completed
700,30,32,2,2026-04-14 11:38:36,86.15,Apple Pay,completed
701,32,59,2,2025-09-06 21:38:36,226.14,Google Pay,completed
702,15,32,2,2026-09-16 01:38:36,86.15,Google Pay,completed
702,15,26,3,2026-09-16 01:38:36,72.85,Google Pay,completed
703,31,49,2,2026-01-26 22:38:36,110.38,Google Pay,shipped
703,31,8,2,2026-01-26 22:38:36,35.97,Google Pay,shipped
703,31,39,3,2026-01-26 22:38:36,71.5,Google Pay,shipped
704,113,6,3,2025-09-21 08:38:36,201.48,Gift Card,completed
704,113,49,1,2025-09-21 08:38:36,110.38,Gift Card,completed
704,113,52,2,2025-09-21 08:38:36,162.37,Gift Card,completed
705,21,42,3,2025-09-06 03:38:36,295.2,Gift Card,completed
706,38,39,2,2025-04-26 08:38:36,71.5,PayPal,completed
706,38,43,2,2025-04-26 08:38:36,68.79,PayPal,completed
706,38,56,3,2025-04-26 08:38:36,116.03,PayPal,completed
707,32,37,1,2025-06-19 23:38:36,164.66,Gift Card,processing
707,32,3,2,2025-06-19 23:38:36,251.66,Gift Card,processing
708,50,46,3,2025-08-04 21:38:36,37.6,Google Pay,completed
708,50,39,1,2025-08-04 21:38:36,71.5,Google Pay,completed
709,52,2,1,2026-07-13 05:38:36,26.74,Card,completed
709,52,56,2,2026-07-13 05:38:36,116.03,Card,completed
709,52,3,2,2026-07-13 05:38:36,251.66,Card,completed
710,38,57,1,2025-10-24 06:38:36,95.02,Gift Card,completed
710,38,1,1,2025-10-24 06:38:36,139.16,Gift Card,completed
711,116,17,1,2026-09-25 16:38:36,27.58,Google Pay,completed
712,63,35,3,2025-05-26 13:38:36,226.47,Apple Pay,completed
713,46,13,3,2024-12-25 14:38:36,149.63,Card,completed
713,46,52,1,2024-12-25 14:38:36,162.37,Card,completed
713,46,48,3,2024-12-25 14:38:36,299.73,Card,completed
714,101,2,2,2026-06-15 04:38:36,26.74,Google Pay,completed
714,101,46,1,2026-06-15 04:38:36,37.6,Google Pay,completed
714,101,14,2,2026-06-15 04:38:36,142.32,Google Pay,completed
715,107,53,2,2025-02-15 20:38:36,220.06,Gift Card,completed
715,107,25,1,2025-02-15 20:38:36,304.62,Gift Card,completed
716,22,10,3,2024-10-18 14:38:36,305.7,PayPal,shipped
716,22,50,2,2024-10-18 14:38:36,33.44,PayPal,shipped
717,56,59,1,2026-02-21 15:38:37,226.14,PayPal,shipped
717,56,8,3,2026-02-21 15:38:37,35.97,PayPal,shipped
718,43,16,3,2025-04-19 14:38:37,19.5,PayPal,completed
719,95,48,1,2025-09-10 17:38:37,299.73,Gift Card,completed
719,95,53,1,2025-09-10 17:38:37,220.06,Gift Card,completed
720,78,35,2,2024-10-06 01:38:37,226.47,Apple Pay,shipped
720,78,23,1,2024-10-06 01:38:37,157.16,Apple Pay,shipped
720,78,49,1,2024-10-06 01:38:37,110.38,Apple Pay,shipped
