customer_id,age,gender,city,registration_date,total_purchases,total_spending,average_order_value,website_visits
1,25,Female,San Diego,2026-03-13,11,7207.53,655.23,16
2,39,Female,San Diego,2024-02-21,6,3558.16,593.03,31
3,47,Male,Atlanta,2023-02-10,8,7081.96,885.25,179
4,48,Non-binary,San Diego,2023-06-07,3,811.63,270.54,109
5,69,Non-binary,Nashville,2023-04-07,7,4366.93,623.85,92
6,58,Male,Nashville,2023-12-11,9,4372.38,485.82,175
7,65,Non-binary,Austin,2024-11-08,8,2300.87,287.61,66
8,64,Non-binary,Atlanta,2024-07-11,5,1705.66,341.13,174
9,40,Non-binary,Portland,2024-05-03,4,2354.85,588.71,50
10,68,Female,Denver,2023-01-27,11,7142.83,649.35,141
11,26,Non-binary,Brooklyn,2026-02-21,3,1767.15,589.05,41
12,61,Male,Austin,2023-06-04,7,3943.16,563.31,167
13,55,Male,Austin,2023-12-09,7,5033.12,719.02,55
14,34,Prefer not to say,Atlanta,2025-10-09,11,7549.66,686.33,68
15,48,Female,Austin,2024-10-10,5,3979.42,795.88,139
16,33,Prefer not to say,Brooklyn,2024-08-01,7,3632.32,518.9,51
17,33,Female,Nashville,2023-04-12,4,2047.88,511.97,35
18,54,Prefer not to say,Atlanta,2023-12-07,5,2748.43,549.69,5
19,68,Prefer not to say,Portland,2025-04-23,6,4170.37,695.06,13
20,43,Male,Atlanta,2024-06-10,2,1004.35,502.17,131
21,59,Male,San Diego,2025-10-27,10,7058.18,705.82,108
22,59,Female,Chicago,2026-03-25,7,3431.99,490.28,25
23,18,Prefer not to say,Chicago,2024-03-16,5,5016.22,1003.24,153
24,29,Male,Seattle,2025-05-23,8,4602.94,575.37,90
25,30,Prefer not to say,Austin,2025-11-08,3,2164.79,721.6,141
26,56,Prefer not to say,Brooklyn,2025-12-22,5,3448.0,689.6,32
27,39,Prefer not to say,Boston,2025-11-28,11,5870.78,533.71,57
28,20,Female,San Diego,2026-04-04,6,3876.7,646.12,161
29,69,Prefer not to say,San Diego,2024-06-26,5,4404.77,880.95,20
30,28,Prefer not to say,Denver,2023-09-07,3,3515.81,1171.94,133
31,65,Prefer not to say,San Diego,2025-06-10,7,4479.46,639.92,147
32,34,Male,Brooklyn,2024-05-19,5,3655.02,731.0,152
33,28,Male,Austin,2024-01-27,3,2293.51,764.5,49
34,19,Female,Boston,2025-08-04,7,7061.84,1008.83,30
35,67,Prefer not to say,Boston,2023-08-31,3,2014.62,671.54,178
36,46,Female,Portland,2025-09-20,4,1374.67,343.67,158
37,66,Male,Boston,2025-11-08,2,920.07,460.04,170
38,33,Non-binary,Boston,2024-10-18,5,2770.07,554.01,6
39,44,Prefer not to say,Portland,2025-08-26,3,1309.01,436.34,157
40,25,Male,Boston,2023-04-26,9,5577.65,619.74,136
41,26,Prefer not to say,Portland,2024-02-21,7,2886.64,412.38,32
42,22,Non-binary,Brooklyn,2023-01-20,6,4807.13,801.19,170
43,49,Female,Chicago,2024-12-13,6,4749.31,791.55,125
44,69,Non-binary,Atlanta,2024-09-17,8,3878.79,484.85,44
45,46,Female,Boston,2022-12-19,6,2496.5,416.08,175
46,52,Female,Boston,2025-10-21,6,4803.99,800.66,167
47,57,Prefer not to say,Brooklyn,2023-11-22,3,2949.9,983.3,67
48,59,Male,Atlanta,2022-12-11,4,4202.58,1050.64,23
49,44,Non-binary,Austin,2024-03-17,3,1688.98,562.99,60
50,28,Female,Seattle,2023-02-11,7,5999.31,857.04,50
51,41,Male,Atlanta,2024-06-29,4,3628.58,907.15,141
52,62,Non-binary,Boston,2023-08-04,11,6914.03,628.55,174
53,41,Female,Chicago,2025-04-12,6,4225.39,704.23,33
54,36,Prefer not to say,Austin,2025-12-17,4,2819.1,704.77,24
55,48,Prefer not to say,Seattle,2025-06-03,6,4077.6,679.6,156
56,50,Female,Atlanta,2024-07-25,6,3354.38,559.06,92
57,62,Non-binary,Brooklyn,2024-04-02,7,4852.5,693.21,125
58,60,Non-binary,Portland,2024-09-25,4,1173.8,293.45,120
59,65,Male,Portland,2025-09-28,5,2453.42,490.68,74
60,42,Non-binary,Brooklyn,2023-04-08,8,5427.57,678.45,172
61,47,Female,Portland,2024-07-19,6,3607.77,601.29,57
62,42,Male,Austin,2024-05-10,8,2741.85,342.73,81
63,61,Male,Portland,2023-09-23,5,5419.75,1083.95,166
64,27,Prefer not to say,San Diego,2026-05-02,9,6216.64,690.74,129
65,26,Male,Denver,2025-05-14,3,4046.93,1348.98,89
66,65,Non-binary,San Diego,2024-01-08,2,1661.62,830.81,106
67,63,Non-binary,San Diego,2025-08-14,9,4559.12,506.57,44
68,37,Non-binary,San Diego,2024-04-22,8,6227.33,778.42,98
69,28,Prefer not to say,Boston,2026-01-20,9,5936.07,659.56,128
70,45,Female,Chicago,2026-02-28,3,416.45,138.82,113
71,63,Male,Brooklyn,2022-12-31,6,2764.04,460.67,124
72,44,Prefer not to say,Austin,2023-01-11,8,5876.18,734.52,155
73,18,Female,Portland,2023-06-29,7,2727.7,389.67,170
74,27,Prefer not to say,Atlanta,2025-04-25,6,3445.01,574.17,151
75,60,Non-binary,Denver,2023-03-14,6,4246.86,707.81,80
76,38,Non-binary,Seattle,2025-09-16,4,2508.1,627.03,10
77,18,Prefer not to say,Denver,2024-10-24,6,5170.86,861.81,117
78,37,Female,San Diego,2025-12-30,9,4449.75,494.42,148
79,34,Prefer not to say,Atlanta,2024-10-03,7,1798.26,256.89,14
80,24,Female,Denver,2025-01-11,9,7284.1,809.34,114
81,69,Female,Denver,2023-02-07,7,3533.7,504.81,49
82,61,Prefer not to say,Denver,2025-08-20,8,4337.34,542.17,14
83,23,Prefer not to say,Nashville,2026-02-09,8,4157.91,519.74,115
84,43,Non-binary,Brooklyn,2025-07-06,2,1438.45,719.22,131
85,56,Non-binary,Portland,2024-09-08,5,3537.94,707.59,13
86,37,Non-binary,Austin,2023-08-14,7,4892.05,698.86,7
87,26,Male,Atlanta,2024-07-08,3,2124.96,708.32,114
88,37,Female,Seattle,2024-01-04,2,1097.67,548.84,156
89,25,Male,Boston,2026-08-08,8,6076.05,759.51,37
90,24,Female,Nashville,2024-07-06,5,1927.89,385.58,35
91,46,Female,Brooklyn,2026-03-16,10,4959.51,495.95,34
92,55,Prefer not to say,Brooklyn,2023-11-19,6,4315.5,719.25,152
93,25,Male,Nashville,2025-11-27,9,4344.83,482.76,107
94,41,Non-binary,Chicago,2026-07-11,7,3409.56,487.08,166
95,37,Female,Portland,2023-12-26,5,3031.16,606.23,117
96,63,Male,Seattle,2025-07-27,6,2364.25,394.04,146
97,69,Male,Portland,2023-06-28,7,4052.78,578.97,155
98,37,Female,Nashville,2023-03-23,6,3433.5,572.25,143
99,49,Prefer not to say,Seattle,2023-06-12,6,2608.77,434.8,28
100,63,Female,Boston,2024-05-20,5,3432.21,686.44,51
101,27,Non-binary,San Diego,2025-04-30,4,1877.15,469.29,102
102,24,Prefer not to say,Nashville,2025-09-03,3,1950.22,650.07,136
103,59,Male,Denver,2026-02-24,9,5953.99,661.55,15
104,57,Female,Chicago,2025-01-12,5,2970.09,594.02,47
105,58,Non-binary,Seattle,2025-01-03,9,5023.51,558.17,170
106,43,Non-binary,Boston,2025-02-19,1,592.17,592.17,66
107,42,Male,San Diego,2026-04-20,7,5303.83,757.69,134
108,62,Prefer not to say,Portland,2023-11-02,4,3052.84,763.21,41
109,68,Female,Nashville,2026-02-14,3,2375.8,791.93,22
110,41,Prefer not to say,Austin,2023-12-02,5,1312.61,262.52,102
111,66,Male,Nashville,2025-08-26,10,6565.56,656.56,122
112,49,Female,Boston,2023-12-21,5,2567.76,513.55,75
113,64,Male,Atlanta,2024-03-17,7,5590.65,798.66,157
114,53,Non-binary,Boston,2026-04-29,6,4537.06,756.18,58
115,63,Non-binary,Boston,2026-03-02,3,2820.59,940.2,97
116,47,Female,San Diego,2023-08-22,6,1956.01,326.0,51
117,41,Prefer not to say,Brooklyn,2025-09-08,4,2756.25,689.06,167
118,51,Male,Portland,2024-10-15,3,1629.62,543.21,106
119,58,Male,Austin,2026-06-26,8,3688.74,461.09,120
120,21,Prefer not to say,Atlanta,2026-05-25,9,5893.46,654.83,127
